rank,driver number,name,vehicle,fastest laptime,gap from fastest laptime,sector 1,sector 2,sector 3
#5,65,Alex Chilcutt,AMR V8 Vantage,,+0.295,22.707,44.560,25.270
#23,350,Landon Drebes,AMR V8 Vantage,,+0.753,22.875,44.770,25.350
#30,918,Michael Louie,Audi R8 LMS GT3 Evo 2,,+0.905,22.817,44.910,25.420
#31,22Taylor,Molyneux,Porsche 991 II GT3 R,,+0.905,22.930,44.787,25.430
#33,120,Moira Zooch,AMR V8 Vantage,,+0.930,22.727,44.907,25.537
#34,544,Jon Crown,McLaren 720S GT3,,+0.938,22.910,44.955,25.315
#36,128,Kevin Kovach,Porsche 991 II GT3 R,,+0.973,22.760,45.162,25.292
#38,777,Josh Damiani,AMR V8 Vantage,,+0.990,22.740,45.055,25.437
#45,599,Guy Manperson,AMR V8 Vantage,,+1.138,22.877,45.037,25.465
#48,710,Fire Queso,AMR V8 Vantage,,+1.165,23.077,44.897,25.432
#50,48,Pauleh Hartman,AMR V8 Vantage,,+1.190,22.930,45.035,25.467
#51,53,João Semedo,McLaren 720S GT3,,+1.190,22.915,45.092,25.425
#55,358,Jarrod Seccombe,BMW M4 GT3,,+1.240,22.835,45.185,25.462
#56,981,Land Shark,Porsche 991 II GT3 R,,+1.253,22.952,45.147,25.395
#57,34,Eric Boardman,Audi R8 LMS GT3 Evo 2,,+1.263,23.015,45.122,25.367
#59,613,Ian Wheeler,AMR V8 Vantage,,+1.343,22.940,45.015,25.630
#63,10,Douglas Mitchell,AMR V8 Vantage,,+1.460,23.215,44.880,25.607
#65,523,Nate Rodger,AMR V8 Vantage,,+1.505,22.935,45.332,25.480
#66,502,Bryan Anderson,Lamborghini Huracán GT3 Evo,,+1.510,22.930,45.260,25.562
#68,947,Alex Krochik,AMR V8 Vantage,,+1.540,22.962,45.432,25.387
#70,604,Stephen Smalley,Honda NSX GT3 Evo,,+1.565,23.120,45.140,25.547
#71,12,Austin Gardner,Lamborghini Huracán GT3 Evo,,+1.583,23.077,45.135,25.612
#75,24,Karl Fredricksen,AMR V8 Vantage,,+1.598,23.177,45.240,25.422
#77,157,Max Diggs,Porsche 991 II GT3 R,,+1.605,23.105,45.385,25.357
#85,926,Michael Stasiv,Lamborghini Huracán GT3 Evo,,+1.715,23.142,45.227,25.587
#87,815,Jon Archie,Ferrari 488 GT3 Evo,,+1.748,23.042,45.200,25.747
#89,15,Jason Allen,Ferrari 488 GT3 Evo,,+1.775,23.052,45.292,25.672
#90,604,Stephen Smalley,Ferrari 488 GT3 Evo,,+1.813,23.067,45.450,25.537
#91,527,Jack Polyak,BMW M4 GT3,,+1.828,23.242,45.355,25.472
#94,207,Ian Harris,McLaren 720S GT3,,+1.858,23.135,45.535,25.430
#101,882,Dan Rebel,Porsche 991 II GT3 R,,+1.915,22.925,45.462,25.770
#103,762,Shea McCoy,McLaren 720S GT3,,+1.995,22.990,45.605,25.642
#107,77Russell,Allen,Ferrari 488 GT3 Evo,,+2.075,23.060,45.645,25.612
#108,36,Nick Wagner,Lexus RC F GT3,,+2.083,23.212,45.240,25.872
#109,815,Jon Archie,Honda NSX GT3 Evo,,+2.085,23.000,45.295,26.032
#138,6,Matt Morrison,Lamborghini Huracán GT3 Evo,,+2.453,23.210,45.837,25.647
#159,308,Doug Lee,AMR V8 Vantage,,+2.835,23.310,45.787,25.980
#225,293,Felipe Botella,Ferrari 488 GT3 Evo,,+5.078,23.800,47.202,26.317
#226,878,Alex Davidoff,Ferrari 488 GT3 Evo,,+5.115,24.207,46.490,26.660