rank,driver number,name,vehicle,fastest laptime,gap from fastest laptime,sector 1,sector 2,sector 3
#49,231,Gordon Beverly,AMR V8 Vantage,,+1.183,22.830,45.195,25.400
#62,637,Lane Yates,Honda NSX GT3 Evo,,+1.393,23.177,44.935,25.522
#111,484,Rodney Felker,AMR V8 Vantage,,+2.103,23.130,45.680,25.535
#123,89,Shaun Daniels,Porsche 991 II GT3 R,,+2.253,23.340,45.505,25.650
#141,164,Stephen Pellerin,Honda NSX GT3 Evo,,+2.560,23.177,45.717,25.907
#145,741,R Hacksaw,AMR V8 Vantage,,+2.600,23.410,45.527,25.905
#149,214,Ein Byron,Lexus RC F GT3,,+2.683,23.172,45.827,25.925
#152,219,Richard Schulze,AMR V8 Vantage,,+2.728,23.237,45.825,25.907
#153,860,Ben Chen,Audi R8 LMS GT3 Evo 2,,+2.748,23.172,45.900,25.917
#154,443,Michael Magenheimer,Honda NSX GT3 Evo,,+2.755,23.355,45.540,26.102
#160,32,Geetesh Khatavkar,Ferrari 488 GT3 Evo,,+2.850,23.205,46.035,25.852
#165,437,Alex Welsh,AMR V8 Vantage,,+2.915,23.287,46.112,25.757
#166,997,Panzo Rigatoni,Lexus RC F GT3,,+2.918,23.252,46.012,25.895
#169,997,Panzo Rigatoni,AMR V8 Vantage,,+2.970,23.312,46.162,25.737
#174,723,Dawson Tremelling,AMR V8 Vantage,,+3.178,23.635,45.932,25.852
#178,996,Brett Swift,Porsche 991 II GT3 R,,+3.263,23.685,45.772,26.047
#179,848,Alex Chunk,AMR V8 Vantage,,+3.265,23.332,46.432,25.742
#181,251,Steven Brule,Mercedes-AMG GT3,,+3.340,23.485,46.052,26.045
#184,311,Stephanie Fisher,McLaren 720S GT3,,+3.385,23.635,46.140,25.852
#186,512,John Ansom,AMR V8 Vantage,,+3.410,23.825,45.725,26.102
#187,988,Chad Santer,Ferrari 488 GT3 Evo,,+3.488,23.377,46.025,26.327
#188,717,Stephen Sarver,McLaren 720S GT3,,+3.490,23.420,46.382,25.930
#189,310Dan,Meyer,Mercedes-AMG GT3,,+3.515,23.247,46.402,26.107
#192,668,Alan Leung,McLaren 720S GT3,,+3.648,23.630,46.430,25.830
#193,713,Ben Roberts,AMR V8 Vantage,,+3.678,23.607,45.942,26.370
#194,989,Nate Bright,AMR V8 Vantage,,+3.698,23.325,46.622,25.992
#201,232,Ren Aoki,McLaren 720S GT3,,+3.898,23.555,46.502,26.082
#202,365,Tony Swann,Ferrari 488 GT3 Evo,,+3.925,23.595,46.235,26.337
#205,141,Thomas Ma,McLaren 720S GT3,,+4.153,23.610,46.457,26.327
#206,300,Joe Shabadu,AMR V8 Vantage,,+4.273,23.520,46.690,26.305
#208,101,Brian Koontz,AMR V8 Vantage,,+4.303,23.290,46.977,26.277
#209,637,Lane Yates,Lamborghini Huracán GT3 Evo,,+4.373,23.580,46.697,26.337
#211,366,Matthew Herald,McLaren 720S GT3,,+4.403,23.935,46.567,26.142
#212,637,Lane Yates,BMW M4 GT3,,+4.475,23.610,46.787,26.320
#214,780,Cliff Hemeon,Honda NSX GT3 Evo,,+4.553,23.555,46.970,26.270
#215,838,Noah Fong,Honda NSX GT3 Evo,,+4.608,23.930,46.270,26.650
#217,614,Ryan Boissonnault,BMW M4 GT3,,+4.698,23.897,47.137,25.905
#220,886,Ian Gilchrist,Ferrari 488 GT3 Evo,,+4.770,23.480,47.165,26.367
#223,696,Patches O'Hoolihan,Honda NSX GT3 Evo,,+4.965,23.577,47.365,26.265
#232,437,Alex Welsh,Porsche 991 II GT3 R,,+5.368,23.977,46.977,26.655
#247,437,Alex Welsh,BMW M4 GT3,,+7.575,24.920,48.360,26.537