rank,driver number,name,vehicle,fastest laptime,gap from fastest laptime,sector 1,sector 2,sector 3
#74,151,Mike Dyer,Honda NSX GT3 Evo,,+1.595,22.997,45.037,25.802
#115,662,Steve Mz,AMR V8 Vantage,,+2.138,23.257,45.442,25.680
#126,663,Etalerni Lere,Audi R8 LMS GT3 Evo 2,,+2.290,23.122,45.530,25.880
#148,322,Doug Sauner,AMR V8 Vantage,,+2.675,23.285,45.745,25.887
#161,906,Raf CAB,AMR V8 Vantage,,+2.850,23.532,45.715,25.845
#162,491,Maniacal Toaster,AMR V8 Vantage,,+2.878,23.477,45.782,25.860
#177,185,Aaron Kovach,AMR V8 Vantage,,+3.225,23.295,46.302,25.870
#185,903,Kaden McCoy,AMR V8 Vantage,,+3.395,23.390,46.202,26.045
#191,902,Jeremy Yaron,Porsche 991 II GT3 R,,+3.640,23.360,46.412,26.110
#195,704,Gordon Beverly Jr.,AMR V8 Vantage,,+3.733,23.487,46.465,26.022
#198,107,Alex Daniel,Porsche 991 II GT3 R,,+3.853,23.357,46.412,26.325
#199,336Jak,Patch,AMR V8 Vantage,,+3.860,23.325,46.702,26.075
#200,678,Sonny Mills,Honda NSX GT3 Evo,,+3.888,23.655,46.357,26.117
#204,299,Michael Mucciaccio,Porsche 991 II GT3 R,,+4.100,23.687,46.390,26.265
#207,520,Odin Marshal,McLaren 720S GT3,,+4.293,23.762,46.562,26.210
#216,585,Edwin Yip,McLaren 720S GT3,,+4.660,24.037,46.572,26.292
#218,380,Andrew Wong,Mercedes-AMG GT3,,+4.748,23.997,46.762,26.230
#219,950,Rob Warren,McLaren 720S GT3,,+4.768,23.467,46.957,26.585
#221,170,Christopher Ellis,Porsche 991 II GT3 R,,+4.833,23.922,46.545,26.607
#222,984,Jason Yaron,Porsche 991 II GT3 R,,+4.848,23.945,46.840,26.305
#224,582,Julien Bacon,Porsche 991 II GT3 R,,+5.065,23.670,46.870,26.767
#227,624,Samuel Gay,Porsche 991 II GT3 R,,+5.180,24.142,46.622,26.657
#228,83,Conor Farrell,Porsche 991 II GT3 R,,+5.190,23.982,46.807,26.642
#229,851,Sam Harris,Porsche 991 II GT3 R,,+5.210,23.745,46.935,26.772
#230,770,Scott Velain,Audi R8 LMS GT3 Evo 2,,+5.215,23.757,47.195,26.505
#231,345,Anirudh Dhoundiyal,McLaren 720S GT3,,+5.345,24.047,47.072,26.467
#233,351,The Loudest Tomato,AMR V8 Vantage,,+5.418,23.935,47.177,26.547
#235,445,Michael Micieli,McLaren 720S GT3,,+5.790,23.775,47.335,26.922
#236,135,Zain Mirza,McLaren 720S GT3,,+5.805,24.167,47.127,26.752
#237,792The,Lastrise,BMW M4 GT3,,+5.918,24.397,47.450,26.312
#238,625,J.P May,Audi R8 LMS GT3 Evo 2,,+6.073,24.682,47.365,26.267
#239,106,Grant Cameron,Porsche 991 II GT3 R,,+6.118,24.275,47.452,26.632
#243,108,Tim Soyk,Lexus RC F GT3,,+6.513,24.327,47.567,26.860
#245,451,Cole Compton,Honda NSX GT3 Evo,,+6.983,24.447,47.825,26.952
#246,360,Imanol Castro,McLaren 720S GT3,,+7.395,24.675,48.120,26.842
#248,119,Stamati Papadopoulos,Honda NSX GT3 Evo,,+9.575,24.292,49.425,28.100