rank,driver number,name,vehicle,fastest laptime,gap from fastest laptime,sector 1,sector 2,sector 3
#1 ,1,Ryan Yee,Honda NSX GT3 Evo,,,22.580,44.330,25.332
#2 ,549,Matthew Marlow,Honda NSX GT3 Evo,,+0.155,22.615,44.432,25.350
#3 ,67,Matt Leeman,AMR V8 Vantage,,+0.185,22.702,44.467,25.257
#4,59,Koa Dromo,Porsche 991 II GT3 R,,+0.268,22.642,44.645,25.222
#6,888,Jeff Spangler,Honda NSX GT3 Evo,,+0.380,22.807,44.457,25.357
#7,325,Ronia Over,AMR V8 Vantage,,+0.420,22.782,44.625,25.255
#8,73,Travis Robinson,Porsche 991 II GT3 R,,+0.445,22.802,44.600,25.285
#9,900,Chris Brown,Honda NSX GT3 Evo,,+0.450,22.767,44.600,25.325
#10,3,Nate Specht,AMR V8 Vantage,,+0.485,22.787,44.680,25.260
#11,20,Travis Nordstrom,Porsche 991 II GT3 R,,+0.525,22.842,44.630,25.295
#12,95,Diego Paul Fimbres Casas,BMW M4 GT3,,+0.530,22.757,44.617,25.397
#13,143,Peter O'Brien,Porsche 991 II GT3 R,,+0.585,22.745,44.615,25.467
#14,11,Matthew Schwartz,Porsche 991 II GT3 R,,+0.638,22.850,44.715,25.315
#15,195,Gomer Wilson,Porsche 991 II GT3 R,,+0.653,22.780,44.610,25.505
#17,270,Loïc Normandeau .D,Honda NSX GT3 Evo,,+0.685,22.882,44.627,25.417
#18,210,Jeremy Mercer,Porsche 991 II GT3 R,,+0.685,22.837,44.650,25.440
#19,817,Dan Good,Honda NSX GT3 Evo,,+0.708,22.615,44.982,25.352
#20,712,Fazlee Majeed,Mercedes-AMG GT3,,+0.708,22.730,44.795,25.425
#21,819,Dan Cran,Honda NSX GT3 Evo,,+0.710,22.940,44.657,25.355
#22,72,Danny Durrance,Porsche 991 II GT3 R,,+0.743,22.787,44.845,25.352
#25,19Victor,Diaz,Porsche 991 II GT3 R,,+0.803,22.742,44.860,25.442
#26,666,Kelvin Lau,Honda NSX GT3 Evo,,+0.808,22.870,44.672,25.507
#27,963,Jeffery Bray,Honda NSX GT3 Evo,,+0.850,22.852,44.807,25.432
#28,3,Nate Specht,Honda NSX GT3 Evo,,+0.868,22.890,44.840,25.380
#29,213,Jordan Nixon,Mercedes-AMG GT3,,+0.905,22.897,44.800,25.450
#32,8,Brooker Quigg,Nissan GT-R Nismo GT3,,+0.908,23.070,44.715,25.365
#35,277,Ivan McCroat,Porsche 991 II GT3 R,,+0.940,22.962,44.722,25.497
#37,712,Fazlee Majeed,McLaren 720S GT3,,+0.988,22.875,44.860,25.495
#39,5,Michael Jeffries,AMR V8 Vantage,,+1.028,22.920,45.045,25.305
#40,81,Patrick Rust,Nissan GT-R Nismo GT3,,+1.028,23.207,44.597,25.465
#41,105,Nick San,BMW M4 GT3,,+1.030,22.840,45.012,25.420
#42,781,Jon Sparks,Porsche 991 II GT3 R,,+1.043,23.020,44.745,25.520
#53,94,Andrew Anderson,Porsche 991 II GT3 R,,+1.198,22.910,45.102,25.427
#54,96,Chris Stefiuk,Porsche 991 II GT3 R,,+1.238,22.995,45.055,25.430
#58,29,Evan Kim,AMR V8 Vantage,,+1.283,22.947,45.090,25.487
#60,49,Grant Klinsing,Lamborghini Huracán GT3 Evo,,+1.360,22.907,45.042,25.652
#67,66,Felipe Ernesto Vicini,Ferrari 488 GT3 Evo,,+1.533,22.930,45.165,25.680
#92,5,Michael Jeffries,Lamborghini Huracán GT3 Evo,,+1.830,22.967,45.545,25.560
#95,63,James Reilly,Ferrari 488 GT3 Evo,,+1.863,23.417,45.187,25.500
#106,5,Michael Jeffries,BMW M4 GT3,,+2.030,22.880,45.725,25.667
#125,5,Michael Jeffries,McLaren 720S GT3,,+2.290,23.310,45.495,25.727
#129,819,Dan Cran,Lexus RC F GT3,,+2.305,23.035,45.660,25.852
#132,317,Delan Stallworth,Ferrari 488 GT3 Evo,,+2.358,23.145,45.675,25.780
#137,712,Fazlee Majeed,BMW M4 GT3,,+2.443,23.252,45.392,26.040
#143,5,Michael Jeffries,Honda NSX GT3 Evo,,+2.590,23.120,45.907,25.805
#171,215,Adam Santana,Ferrari 488 GT3 Evo,,+3.090,23.360,45.712,26.260