rank,driver number,name,vehicle,fastest laptime,gap from fastest laptime,sector 1,sector 2,sector 3
#47,193,Ethan Marvin,Honda NSX GT3 Evo,,+1.165,22.802,45.212,25.392
#52,256,Cory Davis,AMR V8 Vantage,,+1.195,22.882,45.065,25.490
#61,822,Cody Platt,AMR V8 Vantage,,+1.375,22.937,44.932,25.747
#72,35,Selena Boonstra,Porsche 991 II GT3 R,,+1.590,23.087,45.135,25.610
#78,986,Pat Cockcroft,Porsche 991 II GT3 R,,+1.623,23.170,45.257,25.437
#82,174,Eduardo Rodríguez,AMR V8 Vantage,,+1.675,23.077,45.277,25.562
#97,177,Rogerio Santos,McLaren 720S GT3,,+1.885,23.050,45.582,25.495
#104,134,Mathew Wolkowicz,Porsche 991 II GT3 R,,+2.023,23.157,45.430,25.677
#105,751,Justin Rutledge,Honda NSX GT3 Evo,,+2.025,22.922,45.510,25.835
#110,504,Lester Banks,Porsche 991 II GT3 R,,+2.098,23.095,45.595,25.650
#112,687,Jacob Zitko,AMR V8 Vantage,,+2.110,23.182,45.420,25.750
#118,39,David Funk,Emil Frey Jaguar G3,,+2.190,23.270,45.407,25.755
#120,222,Clark Gould,AMR V8 Vantage,,+2.215,23.062,45.697,25.697
#124,230,Riley Barker,Lexus RC F GT3,,+2.258,23.112,45.535,25.852
#127,357,Darren Robichaud,AMR V8 Vantage,,+2.298,23.127,45.682,25.730
#128,643,Caleb Craig,Honda NSX GT3 Evo,,+2.298,23.257,45.887,25.395
#131,543,Julio Bajdaun III,Honda NSX GT3 Evo,,+2.335,23.045,45.592,25.940
#133,643,Caleb Craig,Ferrari 488 GT3 Evo,,+2.360,23.172,45.700,25.730
#134,699,Matt Matasy,AMR V8 Vantage,,+2.370,23.525,45.557,25.530
#135,999,Zack Sky,Porsche 991 II GT3 R,,+2.370,23.162,45.672,25.777
#142,852,Cube Master,Porsche 991 II GT3 R,,+2.565,23.285,45.667,25.855
#144,303,Martin Riggs,Lexus RC F GT3,,+2.593,23.140,46.115,25.580
#147,225,Anim Friday,Porsche 991 II GT3 R,,+2.658,23.245,45.725,25.930
#155,969,Bobby Dockendorf,Audi R8 LMS GT3 Evo 2,,+2.755,23.312,45.812,25.872
#156,100,John Donahue,Porsche 991 II GT3 R,,+2.810,23.190,45.752,26.110
#157,218,Josh Potvin,Ferrari 488 GT3 Evo,,+2.813,23.365,45.852,25.837
#158,122,Austin Whitescarver,Ferrari 488 GT3 Evo,,+2.835,23.142,45.877,26.057
#163,921,Jeff Thompson,McLaren 720S GT3,,+2.890,23.665,45.775,25.692
#167,166,Harvey Kandola,Porsche 991 II GT3 R,,+2.945,23.532,45.612,26.042
#168,159,Mark Rechtin,AMR V8 Vantage,,+2.963,23.512,45.832,25.860
#173,42,DJ Watts,Emil Frey Jaguar G3,,+3.145,23.297,46.192,25.897
#175,404,Justin Rally,McLaren 720S GT3,,+3.178,23.417,46.262,25.740
#176,898,Justin Rose,Audi R8 LMS GT3 Evo 2,,+3.185,23.402,45.940,26.085
#180,162,Ramon Lorenzo,Honda NSX GT3 Evo,,+3.338,23.525,46.332,25.722
#182,724,Jacob L.Charron,Ferrari 488 GT3 Evo,,+3.360,23.490,46.107,26.005
#183,140,Ghislain Smith,McLaren 720S GT3,,+3.373,23.385,46.192,26.037
#190,664,Thomas Greer,Porsche 991 II GT3 R,,+3.578,23.520,46.090,26.210
#197,38,Kyle Miller,Lexus RC F GT3,,+3.845,23.410,46.230,26.447
#203,621,Riley Fair,AMR V8 Vantage,,+4.058,23.635,46.335,26.330
#210,357,Darren Robichaud,McLaren 720S GT3,,+4.388,23.802,46.847,25.980
#213,335,Justin Mackechnie,Mercedes-AMG GT3,,+4.495,23.787,46.807,26.142
#241,305,Roger Rodriguez,AMR V8 Vantage,,+6.375,24.272,47.227,27.117
#242,912,Kevin Unda,Porsche 991 II GT3 R,,+6.483,24.485,47.320,26.920
#244,162,Ramon Lorenzo,Porsche 991 II GT3 R,,+6.943,24.425,47.660,27.100