rank,driver number,name,vehicle,fastest laptime,gap from fastest laptime,sector 1,sector 2,sector 3
#16,466,Zack Dupuis,AMR V8 Vantage,,+0.658,22.777,44.822,25.300
#24,492,Aaron Anderson,AMR V8 Vantage,,+0.765,22.830,44.752,25.425
#43,788,Sam Rek,AMR V8 Vantage,,+1.110,22.885,44.877,25.590
#44,760,Andy Speed,AMR V8 Vantage,,+1.115,22.932,45.077,25.347
#46,628,Matt Anastasi,Porsche 991 II GT3 R,,+1.155,23.062,44.917,25.417
#64,169,Roby Toty,AMR V8 Vantage,,+1.478,23.032,45.277,25.410
#69,727Dustin,Fickert,AMR V8 Vantage,,+1.563,23.042,45.245,25.517
#73,78,Johnny Air,Porsche 991 II GT3 R,,+1.593,23.072,44.985,25.777
#76,27,John Carbaugh,AMR V8 Vantage,,+1.598,22.840,45.585,25.415
#79,488,Collin Dunham,Porsche 991 II GT3 R,,+1.633,23.302,44.860,25.712
#80,46,Mike Geno,AMR V8 Vantage,,+1.665,23.045,45.255,25.607
#81,937,Andre Lloyd,Porsche 991 II GT3 R,,+1.673,22.937,45.405,25.572
#83,954,Robert Almeida,Honda NSX GT3 Evo,,+1.680,23.042,45.265,25.615
#84,514,CJ Meeks,Lexus RC F GT3,,+1.690,23.147,45.200,25.585
#86,669,Chris Sweeney,Honda NSX GT3 Evo,,+1.730,23.015,45.457,25.500
#88,993,Joel Moffatt,Honda NSX GT3 Evo,,+1.755,23.017,45.472,25.507
#93,121,Chris Witting Jr,AMR V8 Vantage,,+1.843,23.335,45.197,25.552
#96,142,Elliot Levine,BMW M4 GT3,,+1.878,23.150,45.452,25.517
#98,647,Super Dave,AMR V8 Vantage,,+1.890,23.100,45.467,25.565
#99,700,Sean Williams,AMR V8 Vantage,,+1.893,22.975,45.667,25.492
#100,615,Niko Roskosh,Mercedes-AMG GT3,,+1.903,23.357,45.160,25.627
#102,145,Turner Johnson,Mercedes-AMG GT3,,+1.945,23.062,45.290,25.835
#113,974,Scott Smith,Audi R8 LMS GT3 Evo 2,,+2.128,23.272,45.485,25.612
#114,202,Christian Holmes,AMR V8 Vantage,,+2.135,23.147,45.397,25.832
#116,92,Jess Osborn,Porsche 991 II GT3 R,,+2.140,23.040,45.467,25.875
#117,68,Colin Shea,McLaren 720S GT3,,+2.155,23.085,45.362,25.950
#119,56,Ryan Garrity,BMW M4 GT3,,+2.208,22.945,45.692,25.812
#122,183,Kristopher Flores,Porsche 991 II GT3 R,,+2.245,23.407,45.332,25.747
#130,883,Matt Schmitzer,Audi R8 LMS GT3 Evo 2,,+2.328,23.480,45.545,25.545
#136,244,Michael Li,Mercedes-AMG GT3,,+2.383,23.475,45.477,25.672
#139,25,Felix Paillant,Porsche 991 II GT3 R,,+2.500,23.437,45.485,25.820
#140,972,Quinton Schattner,Porsche 991 II GT3 R,,+2.535,23.187,45.862,25.727
#146,826,Curtis Lee,Lexus RC F GT3,,+2.643,23.402,45.667,25.815
#150,51,Christian Lorenzo,Honda NSX GT3 Evo,,+2.723,23.282,45.695,25.987
#151,691,Null Maxwell,Audi R8 LMS GT3 Evo 2,,+2.725,23.602,45.607,25.757
#164,131,Tony Spagett,Porsche 991 II GT3 R,,+2.905,23.555,45.607,25.985
#170,182,David Scuza,Porsche 991 II GT3 R,,+3.083,23.390,46.025,25.910
#172,31,Anthony Michael,Porsche 991 II GT3 R,,+3.138,23.362,46.007,26.010
#196,804,JB Ruzic,Honda NSX GT3 Evo,,+3.775,23.420,45.950,26.647