rank,driver number,name,vehicle,fastest laptime,gap from fastest laptime,sector 1,sector 2,sector 3
#104,193,Ethan Marvin,Honda NSX GT3 Evo,,+1.522,23.570,37.297,33.110
#111,852,Cube Master,Porsche 991 II GT3 R,,+1.597,23.497,37.650,32.905
#114,643,Caleb Craig,Ferrari 488 GT3 Evo,,+1.637,23.510,37.285,33.297
#125,174,Eduardo Rodríguez,AMR V8 Vantage,,+1.792,23.457,37.557,33.232
#134,159,Mark Rechtin,AMR V8 Vantage,,+1.867,23.635,37.412,33.275
#137,39,David Funk,Emil Frey Jaguar G3,,+1.937,23.662,37.432,33.297
#140,319,Patryck Brady,Porsche 991 II GT3 R,,+1.957,23.630,37.502,33.280
#141,256,Cory Davis,AMR V8 Vantage,,+1.992,23.855,37.407,33.185
#145,543,Julio Bajdaun III,Honda NSX GT3 Evo,,+2.057,23.720,37.435,33.357
#148,751,Justin Rutledge,Honda NSX GT3 Evo,,+2.100,23.905,37.185,33.465
#153,230,Riley Barker,Lexus RC F GT3,,+2.190,24.025,37.510,33.110
#154,35,Selena Boonstra,Porsche 991 II GT3 R,,+2.195,23.597,37.787,33.265
#155,687,Jacob Zitko,AMR V8 Vantage,,+2.207,23.692,37.062,33.907
#156,225,Anim Friday,Porsche 991 II GT3 R,,+2.210,23.727,37.537,33.400
#160,999,Zack Sky,Porsche 991 II GT3 R,,+2.277,23.647,37.610,33.475
#161,218,Josh Potvin,Ferrari 488 GT3 Evo,,+2.292,23.672,37.702,33.372
#162,822,Cody Platt,AMR V8 Vantage,,+2.300,23.782,37.490,33.482
#163,504,Lester Banks,Porsche 991 II GT3 R,,+2.305,24.185,37.430,33.145
#167,166,Harvey Kandola,Porsche 991 II GT3 R,,+2.327,23.647,37.587,33.547
#169,134,Mathew Wolkowicz,Porsche 991 II GT3 R,,+2.335,23.682,37.490,33.617
#172,122,Austin Whitescarver,Ferrari 488 GT3 Evo,,+2.357,23.592,37.625,33.595
#175,718,Pravin Fonseka,Audi R8 LMS GT3 Evo 2,,+2.382,23.940,37.700,33.197
#176,357,Darren Robichaud,AMR V8 Vantage,,+2.410,23.732,37.725,33.407
#177,699,Matt Matasy,AMR V8 Vantage,,+2.412,23.652,37.742,33.472
#180,724,Jacob L.Charron,Ferrari 488 GT3 Evo,,+2.437,23.752,37.635,33.505
#181,222,Clark Gould,Ferrari 488 GT3 Evo,,+2.452,23.780,37.745,33.382
#182,664,Thomas Greer,Porsche 991 II GT3 R,,+2.462,23.837,37.782,33.297
#185,303,Martin Riggs,Lexus RC F GT3,,+2.527,23.980,37.505,33.497
#187,42,DJ Watts,Emil Frey Jaguar G3,,+2.540,24.020,37.470,33.505
#189,177,Rogerio Santos,McLaren 720S GT3,,+2.550,23.820,37.880,33.305
#191,986,Pat Cockcroft,Porsche 991 II GT3 R,,+2.582,23.717,37.610,33.710
#193,898,Justin Rose,Audi R8 LMS GT3 Evo 2,,+2.615,23.962,37.420,33.687
#196,100,John Donahue,Mercedes-AMG GT3,,+2.637,24.097,37.530,33.465
#197,305,Roger Rodriguez,AMR V8 Vantage,,+2.645,24.025,37.310,33.765
#198,162,Ramon Lorenzo,Honda NSX GT3 Evo,,+2.702,23.682,37.792,33.682
#199,921,Jeff Thompson,McLaren 720S GT3,,+2.720,23.737,37.525,33.912
#201,867,Jeff Sheppard (Nacho),McLaren 720S GT3,,+2.722,24.040,37.635,33.502
#203,316Ramon,Lorenzo Filho,Honda NSX GT3 Evo,,+2.767,23.865,37.672,33.685
#210,133Jan,Rodricks,McLaren 720S GT3,,+2.900,24.022,37.645,33.687
#211,404,Justin Rally,McLaren 720S GT3,,+2.905,23.950,37.822,33.587
#218,916,Aidan Grover,Ferrari 488 GT3 Evo,,+3.075,23.842,37.902,33.785
#226,140,Ghislain Smith,McLaren 720S GT3,,+3.272,24.055,37.952,33.720
#232,919,Matt Browning,Lexus RC F GT3,,+3.440,24.077,37.817,34.000
#235,38,Kyle Miller,Lexus RC F GT3,,+3.575,24.105,38.147,33.777
#242,100,John Donahue,Porsche 991 II GT3 R,,+3.755,24.015,37.997,34.197
#253,969,Bobby Dockendorf,Audi R8 LMS GT3 Evo 2,,+4.270,24.407,38.260,34.057
#257,100,John Donahue,BMW M6 GT3,,+4.405,24.372,38.452,34.035
#260,912,Kevin Unda,Porsche 991 II GT3 R,,+4.567,24.300,38.537,34.185