rank,driver number,name,vehicle,fastest laptime,gap from fastest laptime,sector 1,sector 2,sector 3
#127,723,Dawson Tremelling,AMR V8 Vantage,,+1.817,23.840,37.205,33.227
#132,231,Gordon Beverly,AMR V8 Vantage,,+1.842,23.595,37.395,33.307
#151,89,Shaun Daniels,Porsche 991 II GT3 R,,+2.172,23.690,37.417,33.520
#152,846,Jeffrey Lutz,Honda NSX GT3 Evo,,+2.187,23.577,37.715,33.350
#164,32,Geetesh Khatavkar,Ferrari 488 GT3 Evo,,+2.307,23.787,37.622,33.352
#171,860,Ben Chen,Audi R8 LMS GT3 Evo 2,,+2.347,23.560,37.635,33.607
#179,196,Klaus Conn,Ferrari 488 GT3 Evo,,+2.432,23.817,37.452,33.617
#184,997,Panzo Rigatoni,Lexus RC F GT3,,+2.500,23.960,37.537,33.457
#188,443,Michael Magenheimer,Honda NSX GT3 Evo,,+2.547,23.665,37.560,33.777
#190,280,Dan Rufus,McLaren 720S GT3,,+2.550,23.830,37.657,33.517
#200,365,Tony Swann,Ferrari 488 GT3 Evo,,+2.720,23.612,37.625,33.937
#204,214,Ein Byron,Lexus RC F GT3,,+2.782,23.957,37.595,33.685
#205,657,Harold MacDonald,AMR V8 Vantage,,+2.800,24.040,37.615,33.600
#206,512,John Ansom,AMR V8 Vantage,,+2.802,23.992,37.720,33.545
#208,437,Alex Welsh,AMR V8 Vantage,,+2.822,24.212,37.635,33.430
#209,848,Alex Chunk,AMR V8 Vantage,,+2.840,24.165,37.475,33.655
#212,300,Joe Shabadu,AMR V8 Vantage,,+2.917,24.020,38.022,33.330
#214,988,Chad Santer,Ferrari 488 GT3 Evo,,+3.022,23.835,37.825,33.817
#215,310Dan,Meyer,Mercedes-AMG GT3,,+3.030,24.002,37.717,33.765
#217,637,Lane Yates,Honda NSX GT3 Evo,,+3.057,23.957,37.610,33.945
#219,219,Richard Schulze,AMR V8 Vantage,,+3.125,23.877,37.842,33.860
#220,406,Jose Herrera,McLaren 720S GT3,,+3.165,23.925,38.142,33.552
#221,614,Ryan Boissonnault,BMW M4 GT3,,+3.170,24.072,37.862,33.690
#222,164,Stephen Pellerin,Honda NSX GT3 Evo,,+3.185,24.252,37.837,33.550
#224,311,Stephanie Fisher,McLaren 720S GT3,,+3.192,24.217,37.722,33.707
#225,311,Stephanie Fisher,Mercedes-AMG GT3,,+3.225,23.845,37.737,34.097
#228,780,Cliff Hemeon,Honda NSX GT3 Evo,,+3.372,23.972,38.082,33.772
#229,366,Matthew Herald,McLaren 720S GT3,,+3.422,23.917,38.297,33.662
#230,717,Stephen Sarver,McLaren 720S GT3,,+3.432,24.227,37.910,33.750
#231,996,Brett Swift,Porsche 991 II GT3 R,,+3.437,24.107,38.052,33.732
#233,251,Steven Brule,Mercedes-AMG GT3,,+3.465,24.347,37.842,33.730
#234,668,Alan Leung,McLaren 720S GT3,,+3.492,24.025,38.092,33.830
#237,32,Geetesh Khatavkar,Honda NSX GT3 Evo,,+3.582,24.032,38.155,33.850
#239,109William,Forsling,AMR V8 Vantage,,+3.655,24.127,38.090,33.892
#243,696,Patches O'Hoolihan,Honda NSX GT3 Evo,,+3.785,24.205,38.097,33.937
#245,484,Rodney Felker,AMR V8 Vantage,,+3.825,24.155,38.060,34.065
#247,989,Nate Bright,AMR V8 Vantage,,+3.875,24.152,38.155,34.022
#249,838,Noah Fong,Honda NSX GT3 Evo,,+3.960,24.387,38.010,34.017
#254,232,Ren Aoki,McLaren 720S GT3,,+4.272,24.305,38.397,34.025
#256,141,Thomas Ma,McLaren 720S GT3,,+4.342,24.330,38.367,34.100
#265,153,The Squig,Porsche 991 II GT3 R,,+4.665,24.185,38.547,34.387
#267,418,Jordan Kimball,Honda NSX GT3 Evo,,+4.730,24.822,38.172,34.190
#271,713,Ben Roberts,AMR V8 Vantage,,+5.032,25.010,38.517,33.960
#272,164,Stephen Pellerin,Ferrari 488 GT3 Evo,,+5.047,24.647,38.340,34.515
#273,424,Jerry Finkelstein,Ferrari 488 GT3 Evo,,+5.097,25.015,38.390,34.147
#274,529,Jacob Rogers,AMR V8 Vantage,,+5.107,24.602,38.552,34.407
#278,437,Alex Welsh,Lamborghini Huracán GT3 Evo,,+5.267,24.910,38.440,34.372
#279,101,Brian Koontz,AMR V8 Vantage,,+5.267,24.742,38.395,34.585
#284,886,Ian Gilchrist,Ferrari 488 GT3 Evo,,+5.600,24.727,39.017,34.310
#287,114,Christopher Quarles,AMR V8 Vantage,,+5.850,24.470,39.452,34.382
#292,254,Colton Bailey,BMW M4 GT3,,+6.135,25.027,38.690,34.872
#299,437,Alex Welsh,BMW M4 GT3,,+7.810,25.795,39.740,34.730