rank,driver number,name,vehicle,fastest laptime,gap from fastest laptime,sector 1,sector 2,sector 3
#183,304,Curtis Adams,Porsche 991 II GT3 R,,+2.467,23.702,37.405,33.815
#195,151,Mike Dyer,Honda NSX GT3 Evo,,+2.637,23.997,37.742,33.352
#207,663,Etalerni Lere,Audi R8 LMS GT3 Evo 2,,+2.810,23.930,37.677,33.657
#236,678,Sonny Mills,Honda NSX GT3 Evo,,+3.575,24.090,37.842,34.097
#238,903,Kaden McCoy,AMR V8 Vantage,,+3.617,23.997,37.622,34.452
#240,380,Andrew Wong,Mercedes-AMG GT3,,+3.660,24.190,38.040,33.885
#241,107,Alex Daniel,Porsche 991 II GT3 R,,+3.667,24.010,38.007,34.105
#246,185,Aaron Kovach,AMR V8 Vantage,,+3.827,24.412,38.080,33.790
#248,906,Raf CAB,AMR V8 Vantage,,+3.955,24.345,38.135,33.930
#250,322,Doug Sauner,AMR V8 Vantage,,+3.987,24.342,38.097,34.002
#251,984,Jason Yaron,Porsche 991 II GT3 R,,+4.217,24.180,38.132,34.360
#252,291,Emil Garcia,Honda NSX GT3 Evo,,+4.265,24.480,38.260,33.980
#255,530,DryBones Malone,Honda NSX GT3 Evo,,+4.325,24.630,38.232,33.917
#258,585,Edwin Yip,McLaren 720S GT3,,+4.412,24.222,38.390,34.255
#259,390,Joe Dub,Lexus RC F GT3,,+4.550,24.405,37.942,34.657
#261,656,Brandon Rattler,Porsche 991 II GT3 R,,+4.627,24.232,38.337,34.512
#262,197,Philip Menzies,Honda NSX GT3 Evo,,+4.630,24.537,38.237,34.310
#263,520,Odin Marshal,McLaren 720S GT3,,+4.637,24.640,37.990,34.462
#264,83,Conor Farrell,Porsche 991 II GT3 R,,+4.647,24.102,38.550,34.450
#266,902,Jeremy Yaron,Porsche 991 II GT3 R,,+4.725,24.275,38.237,34.667
#268,135,Zain Mirza,McLaren 720S GT3,,+4.762,24.410,38.445,34.362
#269,704,Gordon Beverly Jr.,AMR V8 Vantage,,+4.832,24.250,38.050,34.987
#270,170,Christopher Ellis,Porsche 991 II GT3 R,,+5.010,24.625,38.360,34.480
#275,770,Scott Velain,Audi R8 LMS GT3 Evo 2,,+5.127,24.660,38.475,34.447
#276,851,Sam Harris,Porsche 991 II GT3 R,,+5.170,24.217,38.412,34.995
#280,624,Samuel Gay,Porsche 991 II GT3 R,,+5.307,24.087,39.037,34.637
#281,451,Cole Compton,Honda NSX GT3 Evo,,+5.360,24.442,38.490,34.882
#282,582,Julien Bacon,Porsche 991 II GT3 R,,+5.550,24.710,38.830,34.465
#283,360,Imanol Castro,McLaren 720S GT3,,+5.557,24.747,38.532,34.732
#285,108,Tim Soyk,Lexus RC F GT3,,+5.757,24.432,38.890,34.890
#286,562,Austin Gaskin,McLaren 720S GT3,,+5.782,25.012,38.735,34.490
#288,106,Grant Cameron,Porsche 991 II GT3 R,,+6.005,24.377,39.455,34.627
#289,477,Maxx Montgomery,AMR V8 Vantage,,+6.045,24.947,38.965,34.587
#291,431,Austin Burchfield,BMW M4 GT3,,+6.115,24.810,38.930,34.830
#293,950,Rob Warren,McLaren 720S GT3,,+6.522,24.500,39.035,35.442
#294,491,Maniacal Toaster,AMR V8 Vantage,,+6.770,25.010,38.987,35.227
#295,494,Roberto Rosa,Mercedes-AMG GT3,,+7.087,24.737,38.577,36.227
#297,419,Giancarlo Ratti,Honda NSX GT3 Evo,,+7.287,25.400,39.185,35.157
#298,445,Michael Micieli,McLaren 720S GT3,,+7.555,25.447,39.525,35.037
#300,345,Anirudh Dhoundiyal,McLaren 720S GT3,,+7.847,25.152,39.805,35.345
#301,323,Josh Smith,BMW M4 GT3,,+8.062,25.682,39.635,35.200
#302,351,The Loudest Tomato,AMR V8 Vantage,,+9.122,25.765,39.627,36.185
#303,764,Ricardo Ratti,Honda NSX GT3 Evo,,+9.300,25.477,40.240,36.037
#304,625,J.P May,Audi R8 LMS GT3 Evo 2,,+10.182,25.605,39.922,37.110