rank,driver number,name,vehicle,fastest laptime,gap from fastest laptime,sector 1,sector 2,sector 3
#1 ,247,Nicolas Alvarado,Honda NSX GT3 Evo,,,23.107,36.810,32.537
#2 ,1,Ryan Yee,Honda NSX GT3 Evo,,+0.030,23.200,36.707,32.577
#3 ,210,Jeremy Mercer,Porsche 991 II GT3 R,,+0.215,23.065,36.915,32.690
#4,67,Matt Leeman,Honda NSX GT3 Evo,,+0.230,23.195,36.885,32.605
#5,888,Jeff Spangler,Honda NSX GT3 Evo,,+0.242,23.250,36.787,32.660
#6,20,Travis Nordstrom,Porsche 991 II GT3 R,,+0.262,23.210,36.822,32.685
#7,95,Diego Paul Fimbres Casas,BMW M4 GT3,,+0.292,23.127,37.025,32.595
#8,712,Fazlee Majeed,Mercedes-AMG GT3,,+0.300,23.320,36.755,32.680
#9,8,Brooker Quigg,Mercedes-AMG GT3,,+0.312,23.175,36.915,32.677
#10,72,Danny Durrance,Porsche 991 II GT3 R,,+0.332,23.130,36.872,32.785
#11,21,Dominic Duran,Porsche 991 II GT3 R,,+0.335,23.180,36.890,32.720
#12,195,Gomer Wilson,Porsche 991 II GT3 R,,+0.342,23.302,36.822,32.672
#13,67,Matt Leeman,McLaren 720S GT3,,+0.360,23.335,36.812,32.667
#14,922,Eric Neville,Mercedes-AMG GT3,,+0.377,23.265,36.775,32.792
#15,781,Jon Sparks,Porsche 991 II GT3 R,,+0.395,23.235,36.797,32.817
#16,1,Ryan Yee,Porsche 991 II GT3 R,,+0.422,23.125,37.030,32.722
#17,67,Matt Leeman,AMR V8 Vantage,,+0.427,23.365,36.817,32.700
#18,81,Patrick Rust,Porsche 991 II GT3 R,,+0.447,23.207,37.065,32.630
#19,18,Michael Moening,Mercedes-AMG GT3,,+0.462,23.190,36.855,32.872
#20,549,Matthew Marlow,Honda NSX GT3 Evo,,+0.482,23.242,37.015,32.680
#21,143,Peter O'Brien,Porsche 991 II GT3 R,,+0.485,23.352,36.780,32.807
#22,59,Koa Dromo,Porsche 991 II GT3 R,,+0.517,23.147,37.052,32.772
#23,63,James Reilly,Ferrari 488 GT3 Evo,,+0.547,23.325,36.905,32.772
#24,963,Jeffery Bray,Honda NSX GT3 Evo,,+0.577,23.380,36.955,32.697
#26,105,Nick San,BMW M4 GT3,,+0.582,23.385,36.917,32.735
#27,73,Travis Robinson,Porsche 991 II GT3 R,,+0.585,23.222,37.030,32.787
#28,617,Quin Smith,BMW M4 GT3,,+0.670,23.310,37.135,32.680
#29,747,Mr Sir,AMR V8 Vantage,,+0.702,23.300,37.055,32.802
#30,213,Jordan Nixon,Mercedes-AMG GT3,,+0.705,23.372,37.047,32.740
#31,3,Nate Specht,AMR V8 Vantage,,+0.717,23.345,37.132,32.695
#32,817,Dan Good,Honda NSX GT3 Evo,,+0.732,23.247,36.982,32.957
#33,277,Ivan McCroat,Porsche 991 II GT3 R,,+0.772,23.345,36.962,32.920
#35,49,Grant Klinsing,Lamborghini Huracán GT3 Evo,,+0.815,23.327,37.147,32.795
#37,11,Matthew Schwartz,Porsche 991 II GT3 R,,+0.825,23.295,37.137,32.847
#38,887,Ryan Walker,Honda NSX GT3 Evo,,+0.827,23.320,37.095,32.867
#39,66,Felipe Ernesto Vicini,Ferrari 488 GT3 Evo,,+0.845,23.402,37.172,32.725
#40,81,Patrick Rust,Nissan GT-R Nismo GT3,,+0.857,23.422,37.037,32.852
#41,95,Diego Paul Fimbres Casas,Honda NSX GT3 Evo,,+0.860,23.255,37.187,32.872
#44,819,Dan Cran,Honda NSX GT3 Evo,,+0.895,23.177,37.292,32.880
#45,747,Mr Sir,Porsche 991 II GT3 R,,+0.902,23.280,37.117,32.960
#46,900,Chris Brown,Honda NSX GT3 Evo,,+0.902,23.307,37.002,33.047
#47,496,Gareth Sykes,AMR V8 Vantage,,+0.910,23.382,37.102,32.880
#49,192,Michael Griffith,Porsche 991 II GT3 R,,+0.915,23.365,37.112,32.892
#50,8,Brooker Quigg,Nissan GT-R Nismo GT3,,+0.930,23.297,37.097,32.990
#51,666,Kelvin Lau,Honda NSX GT3 Evo,,+0.937,23.390,37.070,32.932
#55,325,Ronia Over,AMR V8 Vantage,,+1.050,23.415,37.030,33.060
#59,781,Jon Sparks,AMR V8 Vantage,,+1.082,23.500,37.015,33.022
#61,19Victor,Diaz,Porsche 991 II GT3 R,,+1.085,23.297,37.257,32.985
#63,96,Chris Stefiuk,Porsche 991 II GT3 R,,+1.127,23.152,37.130,33.300
#65,215,Adam Santana,Ferrari 488 GT3 Evo,,+1.137,23.460,37.245,32.887
#66,747,Mr Sir,BMW M4 GT3,,+1.150,23.385,37.305,32.915
#87,818,Brandon Walker,BMW M4 GT3,,+1.347,23.492,37.282,33.027
#90,29,Evan Kim,AMR V8 Vantage,,+1.360,23.367,37.322,33.125
#94,5,Michael Jeffries,Lamborghini Huracán GT3 Evo,,+1.405,23.612,37.225,33.022
#110,712,Fazlee Majeed,McLaren 720S GT3,,+1.582,23.650,37.325,33.062
#115,5,Michael Jeffries,AMR V8 Vantage,,+1.677,23.665,37.300,33.167
#133,94,Andrew Anderson,Porsche 991 II GT3 R,,+1.865,23.565,37.522,33.232
#144,2,Tyler James,AMR V8 Vantage,,+2.037,23.777,37.670,33.045
#157,819,Dan Cran,Lexus RC F GT3,,+2.220,23.625,37.695,33.355