rank,driver number,name,vehicle,fastest laptime,gap from fastest laptime,sector 1,sector 2,sector 3
#25,544,Jon Crown,McLaren 720S GT3,,+0.580,23.292,37.077,32.665
#34,926,Michael Stasiv,Lamborghini Huracán GT3 Evo,,+0.782,23.447,36.920,32.870
#36,449,Tyler Matlock,Porsche 991 II GT3 R,,+0.817,23.302,37.037,32.932
#42,226,Jacob Rutkoske,Ferrari 488 GT3 Evo,,+0.870,23.310,37.190,32.825
#43,65,Alex Chilcutt,AMR V8 Vantage,,+0.875,23.415,37.170,32.745
#48,815,Jon Archie,Ferrari 488 GT3 Evo,,+0.910,23.215,37.057,33.092
#53,330,Mert Mihci,Porsche 991 II GT3 R,,+0.990,23.310,37.120,33.015
#54,262,Josh Schlitz,AMR V8 Vantage,,+1.050,23.435,37.135,32.935
#56,34,Eric Boardman,Audi R8 LMS GT3 Evo 2,,+1.070,23.660,36.972,32.892
#58,882,Dan Rebel,Porsche 991 II GT3 R,,+1.080,23.585,37.130,32.820
#60,12,Austin Gardner,Lamborghini Huracán GT3 Evo,,+1.085,23.347,36.990,33.202
#62,86,Cory Cercone,Porsche 991 II GT3 R,,+1.112,23.425,37.120,33.022
#64,14,Bailey Kish,Porsche 991 II GT3 R,,+1.130,23.332,37.132,33.120
#68,15,Jason Allen,Ferrari 488 GT3 Evo,,+1.182,23.362,37.367,32.907
#69,77Russell,Allen,Ferrari 488 GT3 Evo,,+1.197,23.587,37.012,33.052
#70,878,Alex Davidoff,Ferrari 488 GT3 Evo,,+1.197,23.390,37.225,33.037
#71,981,Land Shark,Porsche 991 II GT3 R,,+1.202,23.477,37.125,33.055
#72,207,Ian Harris,McLaren 720S GT3,,+1.205,23.530,37.340,32.790
#75,777,Josh Damiani,AMR V8 Vantage,,+1.227,23.382,37.047,33.252
#77,604,Stephen Smalley,Ferrari 488 GT3 Evo,,+1.230,23.455,37.272,32.957
#79,527,Jack Polyak,BMW M4 GT3,,+1.252,23.552,36.997,33.157
#80,523,Nate Rodger,AMR V8 Vantage,,+1.267,23.645,37.035,33.042
#82,120,Moira Zooch,AMR V8 Vantage,,+1.307,23.580,37.397,32.785
#83,918,Michael Louie,Audi R8 LMS GT3 Evo 2,,+1.315,23.660,37.110,33.000
#85,24,Karl Fredricksen,AMR V8 Vantage,,+1.332,23.395,37.325,33.067
#88,358,Jarrod Seccombe,BMW M4 GT3,,+1.352,23.492,37.112,33.202
#89,36,Nick Wagner,Lexus RC F GT3,,+1.355,23.487,37.162,33.160
#93,128,Kevin Kovach,Porsche 991 II GT3 R,,+1.400,23.410,37.280,33.165
#97,599,Guy Manperson,AMR V8 Vantage,,+1.422,23.547,37.212,33.117
#98,613,Ian Wheeler,AMR V8 Vantage,,+1.427,23.550,37.210,33.122
#99,502,Bryan Anderson,Lamborghini Huracán GT3 Evo,,+1.452,23.577,37.282,33.047
#103,53,João Semedo,McLaren 720S GT3,,+1.502,23.555,37.235,33.167
#105,416,Mike Scott,AMR V8 Vantage,,+1.530,23.655,37.310,33.020
#106,10,Douglas Mitchell,AMR V8 Vantage,,+1.530,23.607,37.227,33.150
#109,947,Alex Krochik,AMR V8 Vantage,,+1.562,23.622,37.292,33.102
#113,308,Doug Lee,AMR V8 Vantage,,+1.625,23.465,37.550,33.065
#116,22Taylor,Molyneux,Porsche 991 II GT3 R,,+1.690,23.565,37.225,33.355
#120,157,Max Diggs,Porsche 991 II GT3 R,,+1.750,23.457,37.117,33.630
#124,48,Pauleh Hartman,AMR V8 Vantage,,+1.782,23.522,37.502,33.212
#126,762,Shea McCoy,McLaren 720S GT3,,+1.807,23.717,37.197,33.347
#128,991,Diego Navarro,Porsche 991 II GT3 R,,+1.822,23.580,37.480,33.217
#136,610,Derrick Stack,Porsche 991 II GT3 R,,+1.882,23.610,37.417,33.310
#143,976,Andrew Berg,Lexus RC F GT3,,+2.027,23.835,37.427,33.220
#147,710,Fire Queso,AMR V8 Vantage,,+2.082,23.667,37.590,33.280
#150,6,Matt Morrison,Lamborghini Huracán GT3 Evo,,+2.167,23.987,37.297,33.337
#166,4,Al Lotufo,Porsche 991 II GT3 R,,+2.312,23.817,37.460,33.490
#168,293,Felipe Botella,Ferrari 488 GT3 Evo,,+2.330,23.587,37.572,33.625
#178,350,Landon Drebes,AMR V8 Vantage,,+2.430,23.770,37.597,33.517
#216,226,Jacob Rutkoske,Porsche 991 II GT3 R,,+3.042,24.167,37.730,33.600
#305,815,Jon Archie,Alpine A110 GT4,,+10.990,25.627,40.947,36.870