rank,driver number,name,vehicle,fastest laptime,gap from fastest laptime,sector 1,sector 2,sector 3
#52,788,Sam Rek,AMR V8 Vantage,,+0.987,23.365,37.137,32.940
#57,466,Zack Dupuis,AMR V8 Vantage,,+1.070,23.297,37.215,33.012
#67,628,Matt Anastasi,Porsche 991 II GT3 R,,+1.175,23.370,37.262,32.997
#73,56,Ryan Garrity,BMW M4 GT3,,+1.207,23.677,37.102,32.882
#74,972,Quinton Schattner,Porsche 991 II GT3 R,,+1.212,23.420,37.192,33.055
#76,514,CJ Meeks,Lexus RC F GT3,,+1.230,23.460,37.252,32.972
#78,727Dustin,Fickert,AMR V8 Vantage,,+1.237,23.635,37.010,33.047
#81,647,Super Dave,AMR V8 Vantage,,+1.307,23.410,37.267,33.085
#84,145,Turner Johnson,Mercedes-AMG GT3,,+1.325,23.415,37.185,33.180
#86,488,Collin Dunham,Porsche 991 II GT3 R,,+1.342,23.592,37.332,32.872
#91,760,Andy Speed,AMR V8 Vantage,,+1.372,23.720,37.092,33.015
#92,492,Aaron Anderson,AMR V8 Vantage,,+1.372,23.647,37.192,32.987
#95,82,Peter Reynolds,Audi R8 LMS GT3 Evo 2,,+1.415,23.582,37.152,33.135
#96,288,Logan Schaeffer,Honda NSX GT3 Evo,,+1.417,23.582,37.192,33.097
#100,142,Elliot Levine,BMW M4 GT3,,+1.462,23.495,37.095,33.327
#101,757Dhawal,Bhanderi,Ferrari 488 GT3 Evo,,+1.495,23.605,37.115,33.230
#102,993,Joel Moffatt,Honda NSX GT3 Evo,,+1.497,23.412,37.492,33.047
#107,937,Andre Lloyd,Porsche 991 II GT3 R,,+1.532,23.590,37.145,33.252
#108,721,Armands Petrovics,Mercedes-AMG GT3,,+1.542,23.577,37.312,33.107
#112,615,Niko Roskosh,Mercedes-AMG GT3,,+1.600,23.762,37.077,33.215
#117,51,Christian Lorenzo,Honda NSX GT3 Evo,,+1.695,23.660,37.305,33.185
#118,169,Roby Toty,AMR V8 Vantage,,+1.740,23.605,37.477,33.112
#119,804,JB Ruzic,Honda NSX GT3 Evo,,+1.745,23.705,37.415,33.080
#121,244,Michael Li,Mercedes-AMG GT3,,+1.752,23.940,37.150,33.117
#122,92,Jess Osborn,Porsche 991 II GT3 R,,+1.770,23.630,37.162,33.432
#123,70,Zodi Fade,Porsche 991 II GT3 R,,+1.777,23.820,37.180,33.232
#129,78,Johnny Air,Porsche 991 II GT3 R,,+1.830,23.770,37.140,33.375
#130,68,Colin Shea,McLaren 720S GT3,,+1.830,23.882,37.352,33.050
#131,983,Kevin Andersen,Honda NSX GT3 Evo,,+1.830,23.615,37.595,33.075
#135,182,David Scuza,Porsche 991 II GT3 R,,+1.877,23.897,37.175,33.260
#138,202,Christian Holmes,AMR V8 Vantage,,+1.940,23.725,37.252,33.417
#139,954,Robert Almeida,Honda NSX GT3 Evo,,+1.950,23.585,37.467,33.352
#142,27,John Carbaugh,AMR V8 Vantage,,+2.005,23.645,37.525,33.290
#146,909,Nic Cameron,Audi R8 LMS GT3 Evo 2,,+2.062,23.867,37.452,33.197
#149,883,Matt Schmitzer,Audi R8 LMS GT3 Evo 2,,+2.150,23.847,37.567,33.190
#158,131,Tony Spagett,Porsche 991 II GT3 R,,+2.257,23.532,37.572,33.607
#159,691,Null Maxwell,Audi R8 LMS GT3 Evo 2,,+2.265,23.760,37.735,33.225
#165,974,Scott Smith,Audi R8 LMS GT3 Evo 2,,+2.310,23.615,37.675,33.475
#170,121,Chris Witting Jr,AMR V8 Vantage,,+2.335,23.780,37.552,33.457
#173,700,Sean Williams,AMR V8 Vantage,,+2.362,24.047,37.630,33.140
#174,25,Felix Paillant,Porsche 991 II GT3 R,,+2.380,23.552,37.782,33.500
#186,68,Colin Shea,Porsche 991 II GT3 R,,+2.532,23.827,37.665,33.495
#192,669,Chris Sweeney,Honda NSX GT3 Evo,,+2.592,23.652,37.492,33.902
#194,737Curtis,Larade,Ferrari 488 GT3 Evo,,+2.617,23.982,37.722,33.367
#202,826,Curtis Lee,Lexus RC F GT3,,+2.732,23.940,37.825,33.422
#213,46,Mike Geno,AMR V8 Vantage,,+2.937,23.880,37.917,33.595
#223,31,Anthony Michael,Porsche 991 II GT3 R,,+3.190,23.482,38.322,33.840
#227,492,Aaron Anderson,Lexus RC F GT3,,+3.317,24.270,37.912,33.590
#244,183,Kristopher Flores,Porsche 991 II GT3 R,,+3.810,24.030,37.995,34.240