rank,driver number,name,vehicle,fastest laptime,gap from fastest laptime,sector 1,sector 2,sector 3
#28,466,Zack Dupuis,AMR V8 Vantage,,+1.480,38.652,56.007,27.015
#34,145,Turner Johnson,Mercedes-AMG GT3,,+1.667,38.840,55.797,27.225
#40,142,Elliot Levine,BMW M4 GT3,,+1.762,38.612,56.030,27.315
#42,788,Sam Rek,AMR V8 Vantage,,+1.800,38.652,56.240,27.102
#47,492,Aaron Anderson,AMR V8 Vantage,,+1.975,38.820,56.260,27.090
#55,760,Andy Speed,AMR V8 Vantage,,+2.112,38.657,56.400,27.250
#68,288,Logan Schaeffer,Honda NSX GT3 Evo,,+2.295,39.107,56.002,27.380
#69,937,Andre Lloyd,Porsche 991 II GT3 R,,+2.315,38.772,56.360,27.377
#71,68,Colin Shea,McLaren 720S GT3,,+2.325,38.877,56.425,27.217
#75,488,Collin Dunham,Porsche 991 II GT3 R,,+2.375,39.080,56.270,27.220
#81,169,Roby Toty,AMR V8 Vantage,,+2.415,39.145,56.187,27.277
#83,993,Joel Moffatt,Honda NSX GT3 Evo,,+2.447,38.695,56.532,27.415
#86,56,Ryan Garrity,BMW M4 GT3,,+2.512,38.900,56.312,27.495
#87,954,Robert Almeida,Honda NSX GT3 Evo,,+2.520,38.997,56.340,27.377
#89,615,Niko Roskosh,Mercedes-AMG GT3,,+2.577,38.717,56.675,27.380
#90,883,Matt Schmitzer,Audi R8 LMS GT3 Evo 2,,+2.585,38.900,56.650,27.230
#94,514,CJ Meeks,Lexus RC F GT3,,+2.605,38.927,56.625,27.247
#95,244,Michael Li,Mercedes-AMG GT3,,+2.647,38.760,56.957,27.125
#100,628,Matt Anastasi,Porsche 991 II GT3 R,,+2.675,39.100,56.492,27.277
#105,826,Curtis Lee,Lexus RC F GT3,,+2.770,38.835,56.985,27.145
#106,721,Armands Petrovics,Mercedes-AMG GT3,,+2.775,38.960,56.742,27.267
#108,202,Christian Holmes,AMR V8 Vantage,,+2.835,39.142,56.625,27.262
#109,757Dhawal,Bhanderi,Ferrari 488 GT3 Evo,,+2.847,38.912,56.965,27.165
#114,25,Felix Paillant,Porsche 991 II GT3 R,,+2.917,39.125,56.517,27.470
#115,27,John Carbaugh,AMR V8 Vantage,,+2.920,39.092,56.825,27.197
#118,46,Mike Geno,AMR V8 Vantage,,+2.980,38.957,56.650,27.567
#121,974,Scott Smith,Audi R8 LMS GT3 Evo 2,,+3.095,39.180,56.790,27.320
#122,669,Chris Sweeney,Honda NSX GT3 Evo,,+3.097,39.242,56.740,27.310
#124,647,Super Dave,AMR V8 Vantage,,+3.112,38.790,57.005,27.512
#126,909,Nic Cameron,Audi R8 LMS GT3 Evo 2,,+3.120,38.865,57.010,27.440
#129,510Waleed,Sadat,Porsche 991 II GT3 R,,+3.162,38.992,56.860,27.505
#137,121,Chris Witting Jr,AMR V8 Vantage,,+3.417,38.850,57.060,27.702
#138,92,Jess Osborn,Porsche 991 II GT3 R,,+3.462,39.402,56.780,27.475
#149,131,Tony Spagett,Porsche 991 II GT3 R,,+3.657,39.230,57.085,27.537
#155,51,Christian Lorenzo,Honda NSX GT3 Evo,,+3.890,38.867,57.620,27.597
#163,183,Kristopher Flores,Porsche 991 II GT3 R,,+4.062,39.340,57.155,27.762
#165,691,Null Maxwell,Audi R8 LMS GT3 Evo 2,,+4.087,39.300,57.532,27.450
#201,972,Quinton Schattner,Porsche 991 II GT3 R,,+5.507,39.712,58.370,27.620
#248,78,Johnny Air,Porsche 991 II GT3 R,,+10.752,40.170,1:02.252,28.525