rank,driver number,name,vehicle,fastest laptime,gap from fastest laptime,sector 1,sector 2,sector 3
#1 ,1,Ryan Yee,Honda NSX GT3 Evo,,,38.355,54.992,26.847
#2 ,95,Diego Paul Fimbres Casas,BMW M4 GT3,,+0.120,38.275,55.147,26.892
#3 ,549,Matthew Marlow,Honda NSX GT3 Evo,,+0.407,38.347,55.435,26.820
#5,888,Jeff Spangler,Honda NSX GT3 Evo,,+0.515,38.285,55.360,27.065
#6,817,Dan Good,Honda NSX GT3 Evo,,+0.650,38.597,55.395,26.852
#7,666,Kelvin Lau,Honda NSX GT3 Evo,,+0.915,38.492,55.567,27.050
#8,59,Koa Dromo,Porsche 991 II GT3 R,,+1.025,38.752,55.537,26.930
#10,900,Chris Brown,Honda NSX GT3 Evo,,+1.052,38.527,55.835,26.885
#11,817,Dan Good,McLaren 720S GT3,,+1.070,38.595,55.780,26.890
#13,3,Nate Specht,AMR V8 Vantage,,+1.122,38.550,55.755,27.012
#14,8,Brooker Quigg,Mercedes-AMG GT3,,+1.137,38.665,55.707,26.960
#16,8,Brooker Quigg,Nissan GT-R Nismo GT3,,+1.167,38.472,55.842,27.047
#17,963,Jeffery Bray,Honda NSX GT3 Evo,,+1.167,38.450,55.835,27.077
#18,819,Dan Cran,Honda NSX GT3 Evo,,+1.187,38.570,55.640,27.172
#19,3,Nate Specht,McLaren 720S GT3,,+1.202,38.680,55.792,26.925
#21,18,Michael Moening,Mercedes-AMG GT3,,+1.255,38.660,55.700,27.090
#23,105,Nick San,BMW M4 GT3,,+1.315,38.500,55.820,27.190
#25,496,Gareth Sykes,AMR V8 Vantage,,+1.415,38.652,55.947,27.010
#26,73,Travis Robinson,Porsche 991 II GT3 R,,+1.425,38.760,55.885,26.975
#27,67,Matt Leeman,AMR V8 Vantage,,+1.452,38.570,56.070,27.007
#29,213,Jordan Nixon,Porsche 991 II GT3 R,,+1.482,38.725,55.820,27.132
#31,143,Peter O'Brien,Porsche 991 II GT3 R,,+1.522,38.722,55.850,27.145
#33,195,Gomer Wilson,Porsche 991 II GT3 R,,+1.632,38.650,55.867,27.310
#41,210,Jeremy Mercer,Porsche 991 II GT3 R,,+1.785,38.810,55.867,27.302
#43,49,Grant Klinsing,Lamborghini Huracán GT3 Evo,,+1.830,38.772,56.202,27.050
#44,72,Danny Durrance,Porsche 991 II GT3 R,,+1.837,38.985,55.892,27.155
#45,81,Patrick Rust,Nissan GT-R Nismo GT3,,+1.902,38.675,56.390,27.032
#46,712,Fazlee Majeed,Mercedes-AMG GT3,,+1.925,38.855,56.047,27.217
#52,5,Michael Jeffries,Lamborghini Huracán GT3 Evo,,+2.020,38.885,56.260,27.070
#53,66,Felipe Ernesto Vicini,Ferrari 488 GT3 Evo,,+2.072,38.970,56.257,27.040
#61,20,Travis Nordstrom,Porsche 991 II GT3 R,,+2.237,39.002,56.232,27.197
#62,781,Jon Sparks,Porsche 991 II GT3 R,,+2.240,38.682,56.377,27.375
#65,94,Andrew Anderson,Porsche 991 II GT3 R,,+2.275,38.840,56.232,27.397
#66,96,Chris Stefiuk,Porsche 991 II GT3 R,,+2.282,38.970,56.190,27.317
#67,270,Loïc Normandeau .D,Honda NSX GT3 Evo,,+2.290,39.095,56.217,27.172
#74,215,Adam Santana,Ferrari 488 GT3 Evo,,+2.350,38.685,56.477,27.382
#77,29,Evan Kim,AMR V8 Vantage,,+2.397,38.917,56.317,27.357
#79,747,Mr Sir,AMR V8 Vantage,,+2.407,38.897,56.340,27.365
#88,277,Ivan McCroat,Porsche 991 II GT3 R,,+2.520,38.887,56.037,27.790
#92,19Victor,Diaz,Porsche 991 II GT3 R,,+2.600,38.937,56.532,27.325
#107,11,Matthew Schwartz,Porsche 991 II GT3 R,,+2.792,38.932,56.692,27.362
#112,8,Brooker Quigg,Porsche 991 II GT3 R,,+2.915,39.160,56.185,27.765
#130,63,James Reilly,Ferrari 488 GT3 Evo,,+3.187,39.345,56.717,27.320
#131,317,Delan Stallworth,Ferrari 488 GT3 Evo,,+3.205,39.145,57.087,27.167