rank,driver number,name,vehicle,fastest laptime,gap from fastest laptime,sector 1,sector 2,sector 3
#9,39,David Funk,Emil Frey Jaguar G3,,+1.047,38.585,55.742,26.915
#80,543,Julio Bajdaun III,Honda NSX GT3 Evo,,+2.415,38.927,56.427,27.255
#98,193,Ethan Marvin,Honda NSX GT3 Evo,,+2.667,39.000,56.597,27.265
#101,969,Bobby Dockendorf,Audi R8 LMS GT3 Evo 2,,+2.680,38.965,56.417,27.492
#103,256,Cory Davis,AMR V8 Vantage,,+2.722,39.055,56.702,27.160
#104,822,Cody Platt,AMR V8 Vantage,,+2.742,39.045,56.540,27.352
#110,357,Darren Robichaud,AMR V8 Vantage,,+2.870,39.005,56.517,27.542
#120,42,DJ Watts,Emil Frey Jaguar G3,,+3.077,39.040,56.802,27.430
#123,621,Riley Fair,AMR V8 Vantage,,+3.102,38.915,56.862,27.520
#127,35,Selena Boonstra,Porsche 991 II GT3 R,,+3.130,39.142,56.637,27.545
#128,687,Jacob Zitko,AMR V8 Vantage,,+3.142,38.530,56.827,27.980
#133,177,Rogerio Santos,McLaren 720S GT3,,+3.217,38.997,56.837,27.577
#139,122,Austin Whitescarver,Ferrari 488 GT3 Evo,,+3.482,39.420,56.765,27.492
#140,159,Mark Rechtin,AMR V8 Vantage,,+3.485,39.135,57.120,27.425
#141,222,Clark Gould,AMR V8 Vantage,,+3.512,38.952,57.220,27.535
#142,303,Martin Riggs,Lexus RC F GT3,,+3.545,39.005,57.122,27.612
#143,986,Pat Cockcroft,Porsche 991 II GT3 R,,+3.567,39.082,57.257,27.422
#144,38,Kyle Miller,Lexus RC F GT3,,+3.587,38.985,57.445,27.352
#146,218,Josh Potvin,Ferrari 488 GT3 Evo,,+3.630,39.302,56.902,27.620
#148,230,Riley Barker,Lexus RC F GT3,,+3.647,38.855,57.450,27.537
#154,724,Jacob L.Charron,Ferrari 488 GT3 Evo,,+3.842,39.262,57.325,27.450
#158,404,Justin Rally,McLaren 720S GT3,,+3.957,39.312,57.535,27.305
#159,225,Anim Friday,Porsche 991 II GT3 R,,+3.967,39.165,57.287,27.710
#161,166,Harvey Kandola,Porsche 991 II GT3 R,,+4.042,39.235,57.250,27.752
#166,898,Justin Rose,Audi R8 LMS GT3 Evo 2,,+4.090,39.270,57.405,27.610
#167,852,Cube Master,Porsche 991 II GT3 R,,+4.110,39.245,57.262,27.797
#169,335,Justin Mackechnie,Mercedes-AMG GT3,,+4.190,39.260,57.467,27.657
#173,699,Matt Matasy,AMR V8 Vantage,,+4.417,39.487,57.650,27.475
#175,664,Thomas Greer,Porsche 991 II GT3 R,,+4.495,39.437,57.127,28.125
#176,921,Jeff Thompson,McLaren 720S GT3,,+4.555,39.470,57.610,27.670
#177,162,Ramon Lorenzo,Honda NSX GT3 Evo,,+4.612,38.985,58.245,27.577
#178,999,Zack Sky,Porsche 991 II GT3 R,,+4.680,39.422,57.865,27.587
#181,174,Eduardo Rodríguez,AMR V8 Vantage,,+4.712,39.412,57.872,27.622
#182,140,Ghislain Smith,McLaren 720S GT3,,+4.717,39.285,57.850,27.777
#184,916,Aidan Grover,Ferrari 488 GT3 Evo,,+4.792,39.775,57.545,27.667
#186,751,Justin Rutledge,Honda NSX GT3 Evo,,+4.855,39.690,57.495,27.865
#196,643,Caleb Craig,Ferrari 488 GT3 Evo,,+5.257,39.730,58.107,27.615
#212,100,John Donahue,Porsche 991 II GT3 R,,+5.907,39.965,58.007,28.130
#213,912,Kevin Unda,Porsche 991 II GT3 R,,+5.945,39.685,58.400,28.055
#215,305,Roger Rodriguez,AMR V8 Vantage,,+6.050,39.592,58.817,27.835
#216,718,Pravin Fonseka,Audi R8 LMS GT3 Evo 2,,+6.092,39.620,58.657,28.010
#239,504,Lester Banks,Porsche 991 II GT3 R,,+8.477,39.562,1:00.427,28.682
#247,134,Mathew Wolkowicz,Porsche 991 II GT3 R,,+10.565,40.322,1:01.575,28.862