rank,driver number,name,vehicle,fastest laptime,gap from fastest laptime,sector 1,sector 2,sector 3
#57,860,Ben Chen,Audi R8 LMS GT3 Evo 2,,+2.167,38.692,56.570,27.100
#76,637,Lane Yates,Honda NSX GT3 Evo,,+2.390,38.777,56.487,27.320
#84,723,Dawson Tremelling,AMR V8 Vantage,,+2.452,38.867,56.585,27.195
#113,231,Gordon Beverly,AMR V8 Vantage,,+2.915,38.835,57.167,27.107
#135,484,Rodney Felker,AMR V8 Vantage,,+3.390,39.227,56.797,27.560
#147,443,Michael Magenheimer,Honda NSX GT3 Evo,,+3.635,38.920,57.205,27.705
#151,741,R Hacksaw,AMR V8 Vantage,,+3.710,38.940,57.377,27.587
#153,406,Jose Herrera,McLaren 720S GT3,,+3.825,39.237,57.195,27.587
#156,89,Shaun Daniels,Porsche 991 II GT3 R,,+3.897,38.957,57.462,27.672
#157,668,Alan Leung,McLaren 720S GT3,,+3.945,39.082,57.695,27.362
#160,717,Stephen Sarver,McLaren 720S GT3,,+4.020,39.112,57.395,27.707
#171,232,Ren Aoki,McLaren 720S GT3,,+4.212,39.387,57.635,27.385
#172,512,John Ansom,AMR V8 Vantage,,+4.265,39.590,57.452,27.417
#179,214,Ein Byron,Lexus RC F GT3,,+4.690,39.332,58.122,27.430
#180,713,Ben Roberts,AMR V8 Vantage,,+4.695,39.217,58.325,27.347
#183,997,Panzo Rigatoni,Lexus RC F GT3,,+4.720,39.395,57.870,27.650
#185,251,Steven Brule,Mercedes-AMG GT3,,+4.797,39.532,57.785,27.675
#187,365,Tony Swann,Ferrari 488 GT3 Evo,,+4.862,39.542,58.062,27.452
#188,657,Harold MacDonald,AMR V8 Vantage,,+4.870,39.470,58.097,27.497
#189,32,Geetesh Khatavkar,AMR V8 Vantage,,+4.887,39.612,57.717,27.752
#190,219,Richard Schulze,AMR V8 Vantage,,+4.900,39.657,57.627,27.810
#191,32,Geetesh Khatavkar,Ferrari 488 GT3 Evo,,+4.942,39.732,57.640,27.765
#195,988,Chad Santer,Ferrari 488 GT3 Evo,,+5.180,39.225,58.592,27.557
#200,780,Cliff Hemeon,Honda NSX GT3 Evo,,+5.467,39.615,57.812,28.235
#203,310Dan,Meyer,Mercedes-AMG GT3,,+5.582,40.882,57.292,27.602
#204,164,Stephen Pellerin,Honda NSX GT3 Evo,,+5.590,39.285,58.255,28.245
#208,437,Alex Welsh,AMR V8 Vantage,,+5.707,39.877,58.370,27.655
#211,300,Joe Shabadu,AMR V8 Vantage,,+5.877,39.512,58.710,27.850
#217,848,Alex Chunk,AMR V8 Vantage,,+6.105,39.632,59.030,27.637
#218,418,Jordan Kimball,Honda NSX GT3 Evo,,+6.115,39.680,58.385,28.245
#219,886,Ian Gilchrist,Ferrari 488 GT3 Evo,,+6.222,40.035,58.825,27.557
#224,838,Noah Fong,Honda NSX GT3 Evo,,+6.685,39.507,59.010,28.362
#230,280,Dan Rufus,McLaren 720S GT3,,+7.405,39.815,59.827,27.957
#235,366,Matthew Herald,McLaren 720S GT3,,+7.992,40.580,59.622,27.985
#236,696,Patches O'Hoolihan,Honda NSX GT3 Evo,,+8.040,40.095,59.887,28.252
#245,311,Stephanie Fisher,McLaren 720S GT3,,+9.642,40.547,1:00.815,28.475
#249,989,Nate Bright,AMR V8 Vantage,,+11.000,40.650,1:02.207,28.337