rank,driver number,name,vehicle,fastest laptime,gap from fastest laptime,sector 1,sector 2,sector 3
#117,151,Mike Dyer,Honda NSX GT3 Evo,,+2.955,39.005,56.672,27.472
#119,663,Etalerni Lere,Audi R8 LMS GT3 Evo 2,,+3.047,38.935,56.572,27.735
#145,304,Curtis Adams,Porsche 991 II GT3 R,,+3.595,38.885,57.512,27.392
#170,662,Steve Mz,AMR V8 Vantage,,+4.200,39.435,57.690,27.270
#174,906,Raf CAB,AMR V8 Vantage,,+4.475,39.445,57.752,27.472
#194,322,Doug Sauner,AMR V8 Vantage,,+5.107,39.727,58.020,27.555
#198,585,Edwin Yip,McLaren 720S GT3,,+5.342,39.770,58.047,27.720
#205,185,Aaron Kovach,AMR V8 Vantage,,+5.610,39.367,58.365,28.072
#206,903,Kaden McCoy,AMR V8 Vantage,,+5.617,39.472,58.472,27.867
#209,491,Maniacal Toaster,AMR V8 Vantage,,+5.767,39.857,58.427,27.677
#210,299,Michael Mucciaccio,Porsche 991 II GT3 R,,+5.802,39.605,58.295,28.097
#214,135,Zain Mirza,McLaren 720S GT3,,+6.040,39.887,58.102,28.245
#220,792The,Lastrise,BMW M4 GT3,,+6.362,39.797,58.295,28.465
#221,678,Sonny Mills,Honda NSX GT3 Evo,,+6.497,39.690,58.995,28.007
#222,950,Rob Warren,McLaren 720S GT3,,+6.510,40.367,58.377,27.960
#223,902,Jeremy Yaron,Porsche 991 II GT3 R,,+6.607,39.857,58.832,28.112
#225,520,Odin Marshal,McLaren 720S GT3,,+6.790,40.070,59.312,27.602
#226,83,Conor Farrell,Porsche 991 II GT3 R,,+6.790,40.040,58.690,28.255
#228,704,Gordon Beverly Jr.,AMR V8 Vantage,,+7.300,39.742,59.657,28.095
#229,106,Grant Cameron,Porsche 991 II GT3 R,,+7.385,40.352,58.717,28.510
#231,336Jak,Patch,AMR V8 Vantage,,+7.560,39.852,59.280,28.622
#233,770,Scott Velain,Audi R8 LMS GT3 Evo 2,,+7.682,39.915,59.592,28.370
#234,851,Sam Harris,Porsche 991 II GT3 R,,+7.937,40.120,59.155,28.857
#237,445,Michael Micieli,McLaren 720S GT3,,+8.060,40.697,59.230,28.327
#238,380,Andrew Wong,Mercedes-AMG GT3,,+8.092,40.095,59.850,28.342
#240,345,Anirudh Dhoundiyal,McLaren 720S GT3,,+8.697,40.010,1:00.317,28.565
#241,582,Julien Bacon,Porsche 991 II GT3 R,,+8.812,40.462,1:00.370,28.175
#242,984,Jason Yaron,Porsche 991 II GT3 R,,+8.852,40.447,59.507,29.092
#243,625,J.P May,Audi R8 LMS GT3 Evo 2,,+8.955,40.882,59.595,28.672
#244,351,The Loudest Tomato,AMR V8 Vantage,,+8.970,40.247,1:00.140,28.777
#246,451,Cole Compton,Honda NSX GT3 Evo,,+10.025,40.585,1:00.675,28.960
#250,323,Josh Smith,BMW M4 GT3,,+11.632,40.945,1:02.492,28.390
#251,851,Sam Harris,Porsche 992 GT3 Cup,,+12.985,42.045,1:02.565,28.570