rank,driver number,name,vehicle,fastest laptime,gap from fastest laptime,sector 1,sector 2,sector 3
#12,65,Alex Chilcutt,AMR V8 Vantage,,+1.115,38.832,55.625,26.852
#20,926,Michael Stasiv,Lamborghini Huracán GT3 Evo,,+1.222,38.620,55.582,27.215
#22,815,Jon Archie,Ferrari 488 GT3 Evo,,+1.302,38.975,55.542,26.980
#24,544,Jon Crown,McLaren 720S GT3,,+1.387,38.662,55.887,27.032
#30,53,João Semedo,McLaren 720S GT3,,+1.507,38.510,56.220,26.972
#32,918,Michael Louie,Audi R8 LMS GT3 Evo 2,,+1.587,38.647,55.980,27.155
#35,34,Eric Boardman,Mercedes-AMG GT3,,+1.680,38.532,56.300,27.042
#36,34,Eric Boardman,Audi R8 LMS GT3 Evo 2,,+1.700,38.787,56.062,27.045
#38,36,Nick Wagner,Lexus RC F GT3,,+1.712,38.542,56.270,27.095
#39,358,Jarrod Seccombe,BMW M4 GT3,,+1.715,38.617,56.017,27.275
#48,777,Josh Damiani,AMR V8 Vantage,,+1.975,38.862,56.057,27.250
#49,502,Bryan Anderson,Lamborghini Huracán GT3 Evo,,+1.977,38.792,56.455,26.925
#50,527,Jack Polyak,BMW M4 GT3,,+1.992,38.745,56.170,27.272
#51,24,Karl Fredricksen,AMR V8 Vantage,,+2.015,38.812,56.140,27.257
#56,207,Ian Harris,McLaren 720S GT3,,+2.155,38.867,56.482,27.000
#58,613,Ian Wheeler,AMR V8 Vantage,,+2.167,38.960,56.287,27.115
#59,12,Austin Gardner,Lamborghini Huracán GT3 Evo,,+2.225,38.712,56.600,27.107
#60,599,Guy Manperson,AMR V8 Vantage,,+2.235,38.887,56.512,27.030
#63,120,Moira Zooch,AMR V8 Vantage,,+2.240,39.000,56.170,27.265
#64,128,Kevin Kovach,Porsche 991 II GT3 R,,+2.270,38.935,56.175,27.355
#70,604,Stephen Smalley,Ferrari 488 GT3 Evo,,+2.322,38.915,56.275,27.327
#72,350,Landon Drebes,AMR V8 Vantage,,+2.335,38.772,56.385,27.372
#73,523,Nate Rodger,AMR V8 Vantage,,+2.342,38.842,56.255,27.440
#78,157,Max Diggs,Porsche 991 II GT3 R,,+2.405,38.980,56.190,27.430
#82,710,Fire Queso,AMR V8 Vantage,,+2.447,39.012,56.420,27.210
#85,976,Andrew Berg,Lexus RC F GT3,,+2.510,38.915,56.730,27.060
#91,14,Bailey Kish,Audi R8 LMS GT3 Evo 2,,+2.597,39.135,56.222,27.435
#93,981,Land Shark,Porsche 991 II GT3 R,,+2.605,38.730,56.690,27.380
#96,48,Pauleh Hartman,AMR V8 Vantage,,+2.662,38.872,56.697,27.287
#99,947,Alex Krochik,AMR V8 Vantage,,+2.672,38.872,56.435,27.560
#102,14,Bailey Kish,Porsche 991 II GT3 R,,+2.710,39.100,56.512,27.292
#111,10,Douglas Mitchell,AMR V8 Vantage,,+2.895,38.972,56.492,27.625
#132,416,Mike Scott,AMR V8 Vantage,,+3.205,39.162,56.800,27.437
#134,22Taylor,Molyneux,Porsche 991 II GT3 R,,+3.380,38.977,57.132,27.465
#136,882,Dan Rebel,Porsche 991 II GT3 R,,+3.397,39.242,56.772,27.577
#150,878,Alex Davidoff,Ferrari 488 GT3 Evo,,+3.675,39.200,57.415,27.255
#152,308,Doug Lee,AMR V8 Vantage,,+3.807,39.412,57.300,27.290
#164,6,Matt Morrison,Lamborghini Huracán GT3 Evo,,+4.062,39.040,57.042,28.175
#197,293,Felipe Botella,Ferrari 488 GT3 Evo,,+5.310,39.767,58.020,27.717
#199,77Russell,Allen,Porsche 991 II GT3 R,,+5.452,39.547,58.227,27.872
#202,604,Stephen Smalley,Honda NSX GT3 Evo,,+5.577,39.562,57.447,28.762
#207,815,Jon Archie,Porsche 992 GT3 Cup,,+5.670,39.337,58.682,27.845
#227,4,Al Lotufo,Porsche 991 II GT3 R,,+7.260,40.632,58.535,28.287
#252,128,Kevin Kovach,AMR V8 Vantage,,+16.060,41.352,1:01.967,32.935