rank,driver number,name,vehicle,fastest laptime,gap from fastest laptime,sector 1,sector 2,sector 3
#19,350,Landon Drebes,AMR V8 Vantage,,+0.542,29.410,39.950,34.387
#31,65,Alex Chilcutt,AMR V8 Vantage,,+0.727,29.465,39.932,34.535
#39,128,Kevin Kovach,Porsche 991 II GT3 R,,+0.800,29.565,39.987,34.452
#44,544,Jon Crown,Porsche 991 II GT3 R,,+0.852,29.640,40.032,34.385
#47,544,Jon Crown,McLaren 720S GT3,,+0.905,29.567,40.035,34.507
#49,679,Ken Thomas,Honda NSX GT3 Evo,,+0.905,29.512,40.140,34.457
#52,10,Douglas Mitchell,AMR V8 Vantage,,+0.917,29.497,40.080,34.545
#54,15,Jason Allen,Ferrari 488 GT3 Evo,,+1.020,29.547,39.977,34.700
#57,14,Bailey Kish,Porsche 991 II GT3 R,,+1.055,29.560,39.977,34.722
#58,815,Jon Archie,Ferrari 488 GT3 Evo,,+1.057,29.507,39.877,34.877
#60,777,Josh Damiani,AMR V8 Vantage,,+1.097,29.655,40.217,34.430
#62,330,Mert Mihci,Porsche 991 II GT3 R,,+1.117,29.767,40.045,34.510
#66,604,Stephen Smalley,Ferrari 488 GT3 Evo,,+1.160,29.517,40.180,34.667
#67,4,Al Lotufo,Porsche 991 II GT3 R,,+1.167,29.597,39.992,34.782
#69,262,Josh Schlitz,AMR V8 Vantage,,+1.185,29.517,40.062,34.810
#72,77Russell,Allen,Ferrari 488 GT3 Evo,,+1.217,29.595,40.020,34.807
#73,599,Guy Manperson,Honda NSX GT3 Evo,,+1.220,29.760,40.007,34.657
#77,918,Michael Louie,Audi R8 LMS GT3 Evo 2,,+1.235,29.697,40.140,34.602
#79,34,Eric Boardman,Audi R8 LMS GT3 Evo 2,,+1.255,29.707,40.052,34.700
#82,53,João Semedo,McLaren 720S GT3,,+1.267,29.772,39.990,34.710
#84,120,Moira Zooch,AMR V8 Vantage,,+1.290,29.647,40.200,34.647
#85,358,Jarrod Seccombe,BMW M4 GT3,,+1.295,29.525,40.312,34.662
#86,882,Dan Rebel,Porsche 991 II GT3 R,,+1.300,29.682,40.010,34.812
#87,599,Guy Manperson,AMR V8 Vantage,,+1.302,29.625,40.242,34.640
#88,86,Cory Cercone,Porsche 991 II GT3 R,,+1.307,29.652,40.085,34.775
#89,527,Jack Polyak,BMW M4 GT3,,+1.312,29.660,40.142,34.715
#90,7,Taylor Carter,AMR V8 Vantage,,+1.320,29.730,40.200,34.595
#91,226,Jacob Rutkoske,Ferrari 488 GT3 Evo,,+1.347,29.562,40.450,34.540
#93,207,Ian Harris,McLaren 720S GT3,,+1.380,29.560,40.255,34.770
#95,24,Karl Fredricksen,AMR V8 Vantage,,+1.392,29.655,40.147,34.795
#99,157,Max Diggs,Porsche 991 II GT3 R,,+1.445,29.742,40.160,34.747
#102,991,Diego Navarro,Porsche 991 II GT3 R,,+1.455,29.820,40.082,34.757
#103,926,Michael Stasiv,Lamborghini Huracán GT3 Evo,,+1.465,29.635,40.345,34.690
#105,502,Bryan Anderson,Lamborghini Huracán GT3 Evo,,+1.470,29.480,40.182,35.012
#107,613,Ian Wheeler,AMR V8 Vantage,,+1.475,29.665,40.275,34.740
#108,36,Nick Wagner,Lexus RC F GT3,,+1.502,29.582,40.235,34.890
#115,947,Alex Krochik,AMR V8 Vantage,,+1.577,29.617,40.165,35.000
#118,878,Alex Davidoff,Ferrari 488 GT3 Evo,,+1.605,29.795,40.310,34.705
#120,416,Mike Scott,AMR V8 Vantage,,+1.617,29.595,40.162,35.065
#122,981,Land Shark,Porsche 991 II GT3 R,,+1.630,29.620,40.377,34.837
#129,976,Andrew Berg,Lexus RC F GT3,,+1.722,29.642,40.395,34.890
#130,12,Austin Gardner,Lamborghini Huracán GT3 Evo,,+1.732,29.655,40.455,34.827
#131,308,Doug Lee,AMR V8 Vantage,,+1.737,29.757,40.365,34.820
#139,762,Shea McCoy,McLaren 720S GT3,,+1.817,29.767,40.435,34.820
#140,523,Nate Rodger,AMR V8 Vantage,,+1.860,29.582,40.212,35.270
#142,22Taylor,Molyneux,Porsche 991 II GT3 R,,+1.870,29.682,40.475,34.917
#154,710,Fire Queso,AMR V8 Vantage,,+1.955,29.902,40.400,34.857
#166,293,Felipe Botella,Ferrari 488 GT3 Evo,,+2.097,29.802,40.375,35.125
#175,6,Matt Morrison,Lamborghini Huracán GT3 Evo,,+2.265,29.707,40.650,35.112
#188,48,Pauleh Hartman,AMR V8 Vantage,,+2.415,29.900,40.587,35.132
#189,449,Tyler Matlock,Porsche 991 II GT3 R,,+2.420,30.182,40.560,34.882
#239,53,João Semedo,Porsche 991 II GT3 R,,+3.112,30.187,40.872,35.257
#332,679,Ken Thomas,Honda NSX GT3,,+10.235,31.520,43.980,37.940