rank,driver number,name,vehicle,fastest laptime,gap from fastest laptime,sector 1,sector 2,sector 3
#104,643,Caleb Craig,Ferrari 488 GT3 Evo,,+1.467,29.815,39.995,34.862
#119,852,Cube Master,Porsche 991 II GT3 R,,+1.617,29.807,40.342,34.672
#125,134,Mathew Wolkowicz,Porsche 991 II GT3 R,,+1.667,29.855,40.327,34.690
#132,230,Riley Barker,Lexus RC F GT3,,+1.747,29.840,40.202,34.910
#133,159,Mark Rechtin,AMR V8 Vantage,,+1.765,29.800,40.315,34.855
#135,357,Darren Robichaud,AMR V8 Vantage,,+1.795,29.815,40.315,34.870
#145,174,Eduardo Rodríguez,AMR V8 Vantage,,+1.900,29.597,40.215,35.292
#156,256,Cory Davis,AMR V8 Vantage,,+2.002,29.990,40.147,35.070
#158,718,Pravin Fonseka,Audi R8 LMS GT3 Evo 2,,+2.030,29.595,40.617,35.022
#159,193,Ethan Marvin,Honda NSX GT3 Evo,,+2.032,29.922,40.432,34.882
#161,222,Clark Gould,Ferrari 488 GT3 Evo,,+2.035,29.962,40.465,34.812
#163,225,Anim Friday,Porsche 991 II GT3 R,,+2.055,29.905,40.512,34.842
#164,986,Pat Cockcroft,Porsche 991 II GT3 R,,+2.077,29.932,40.430,34.920
#167,122,Austin Whitescarver,Ferrari 488 GT3 Evo,,+2.115,29.772,40.542,35.005
#169,218,Josh Potvin,Ferrari 488 GT3 Evo,,+2.170,29.790,40.337,35.247
#171,504,Lester Banks,Porsche 991 II GT3 R,,+2.230,29.995,40.407,35.032
#174,822,Cody Platt,AMR V8 Vantage,,+2.260,29.625,40.450,35.390
#177,38,Kyle Miller,Lexus RC F GT3,,+2.292,29.857,40.475,35.165
#178,751,Justin Rutledge,Honda NSX GT3 Evo,,+2.295,29.805,40.440,35.255
#181,999,Zack Sky,Porsche 991 II GT3 R,,+2.345,29.837,40.550,35.162
#183,166,Harvey Kandola,Porsche 991 II GT3 R,,+2.377,29.825,40.672,35.085
#190,621,Riley Fair,AMR V8 Vantage,,+2.432,30.065,40.462,35.110
#191,177,Rogerio Santos,McLaren 720S GT3,,+2.445,29.867,40.692,35.090
#192,699,Matt Matasy,AMR V8 Vantage,,+2.445,29.900,40.517,35.232
#194,969,Bobby Dockendorf,Audi R8 LMS GT3 Evo 2,,+2.455,29.642,40.862,35.155
#197,543,Julio Bajdaun III,Honda NSX GT3 Evo,,+2.475,29.755,40.647,35.277
#198,319,Patryck Brady,Porsche 991 II GT3 R,,+2.487,29.995,40.562,35.135
#199,687,Jacob Zitko,AMR V8 Vantage,,+2.492,29.747,40.807,35.142
#200,305,Roger Rodriguez,AMR V8 Vantage,,+2.505,29.795,40.582,35.332
#202,640,Stephen Kulin,Ferrari 488 GT3 Evo,,+2.542,29.902,40.572,35.272
#205,140,Ghislain Smith,McLaren 720S GT3,,+2.577,29.860,40.812,35.110
#206,162,Ramon Lorenzo,Honda NSX GT3 Evo,,+2.607,29.875,40.592,35.345
#207,35,Selena Boonstra,Porsche 991 II GT3 R,,+2.622,30.055,40.622,35.150
#209,100,John Donahue,Porsche 991 II GT3 R,,+2.630,30.065,40.775,34.995
#213,919,Matt Browning,Lexus RC F GT3,,+2.717,29.895,40.607,35.420
#215,303,Martin Riggs,Lexus RC F GT3,,+2.730,29.892,40.795,35.247
#217,916,Aidan Grover,Ferrari 488 GT3 Evo,,+2.740,30.065,40.677,35.202
#220,194,Flavor McNubs,Porsche 991 II GT3 R,,+2.775,29.950,40.770,35.260
#225,643,Caleb Craig,Honda NSX GT3 Evo,,+2.832,30.075,40.777,35.185
#226,39,David Funk,Emil Frey Jaguar G3,,+2.845,30.075,40.847,35.127
#227,724,Jacob L.Charron,Ferrari 488 GT3 Evo,,+2.895,29.847,40.915,35.337
#229,42,DJ Watts,Emil Frey Jaguar G3,,+2.932,29.812,40.957,35.367
#230,404,Justin Rally,McLaren 720S GT3,,+2.955,29.907,40.910,35.342
#232,867,Jeff Sheppard (Nacho),McLaren 720S GT3,,+2.995,30.125,40.692,35.382
#233,898,Justin Rose,Audi R8 LMS GT3 Evo 2,,+3.012,29.972,40.962,35.282
#237,919,Matt Browning,McLaren 720S GT3,,+3.082,30.150,40.622,35.515
#240,335,Justin Mackechnie,Mercedes-AMG GT3,,+3.147,29.945,40.847,35.560
#243,912,Kevin Unda,Porsche 991 II GT3 R,,+3.297,30.082,41.305,35.115
#246,643,Caleb Craig,Mercedes-AMG GT3,,+3.380,30.250,40.895,35.440
#248,664,Thomas Greer,Porsche 991 II GT3 R,,+3.410,30.320,40.790,35.505
#253,921,Jeff Thompson,McLaren 720S GT3,,+3.502,30.317,41.030,35.360
#254,133Jan,Rodricks,McLaren 720S GT3,,+3.570,30.382,41.137,35.255
#258,316Ramon,Lorenzo Filho,Honda NSX GT3 Evo,,+3.622,30.487,41.042,35.297
#274,420,Drache Tibbetts,Mercedes-AMG GT3,,+4.157,30.667,40.992,35.702