rank,driver number,name,vehicle,fastest laptime,gap from fastest laptime,sector 1,sector 2,sector 3
#41,492,Aaron Anderson,AMR V8 Vantage,,+0.815,29.577,40.025,34.417
#48,466,Zack Dupuis,AMR V8 Vantage,,+0.905,29.407,40.082,34.620
#55,628,Matt Anastasi,Porsche 991 II GT3 R,,+1.045,29.685,40.040,34.525
#68,288,Logan Schaeffer,Honda NSX GT3 Evo,,+1.182,29.705,40.110,34.572
#70,514,CJ Meeks,Lexus RC F GT3,,+1.187,29.542,40.187,34.662
#71,760,Andy Speed,AMR V8 Vantage,,+1.210,29.595,40.142,34.677
#74,51,Christian Lorenzo,Honda NSX GT3 Evo,,+1.222,29.757,40.007,34.662
#76,78,Johnny Air,Porsche 991 II GT3 R,,+1.230,29.737,40.037,34.660
#78,972,Quinton Schattner,Porsche 991 II GT3 R,,+1.237,29.727,40.097,34.617
#92,757Dhawal,Bhanderi,Ferrari 488 GT3 Evo,,+1.357,29.667,39.970,34.925
#97,788,Sam Rek,AMR V8 Vantage,,+1.412,29.735,40.187,34.695
#98,70,Zodi Fade,Porsche 991 II GT3 R,,+1.420,29.752,39.970,34.902
#100,937,Andre Lloyd,Porsche 991 II GT3 R,,+1.445,29.797,40.067,34.785
#101,647,Super Dave,AMR V8 Vantage,,+1.452,29.457,40.252,34.947
#106,993,Joel Moffatt,Honda NSX GT3 Evo,,+1.472,29.700,40.167,34.810
#109,46,Mike Geno,AMR V8 Vantage,,+1.520,29.585,40.560,34.580
#111,169,Roby Toty,AMR V8 Vantage,,+1.535,29.650,40.110,34.980
#112,954,Robert Almeida,Honda NSX GT3 Evo,,+1.552,29.992,40.190,34.575
#116,142,Elliot Levine,BMW M4 GT3,,+1.597,29.780,40.357,34.665
#117,909,Nic Cameron,Audi R8 LMS GT3 Evo 2,,+1.600,29.515,40.480,34.810
#124,727Dustin,Fickert,AMR V8 Vantage,,+1.667,29.672,40.467,34.732
#126,27,John Carbaugh,AMR V8 Vantage,,+1.685,29.572,40.440,34.877
#128,510Waleed,Sadat,Porsche 991 II GT3 R,,+1.710,29.887,40.347,34.680
#134,804,JB Ruzic,Honda NSX GT3 Evo,,+1.792,29.877,40.232,34.887
#136,121,Chris Witting Jr,AMR V8 Vantage,,+1.807,29.652,40.172,35.187
#138,883,Matt Schmitzer,Audi R8 LMS GT3 Evo 2,,+1.817,29.777,40.265,34.980
#141,131,Tony Spagett,Porsche 991 II GT3 R,,+1.862,29.767,40.365,34.935
#143,182,David Scuza,Porsche 991 II GT3 R,,+1.880,29.867,40.380,34.837
#144,974,Scott Smith,Audi R8 LMS GT3 Evo 2,,+1.885,29.682,40.620,34.787
#146,615,Niko Roskosh,Mercedes-AMG GT3,,+1.915,29.572,40.522,35.025
#147,691,Null Maxwell,Audi R8 LMS GT3 Evo 2,,+1.917,29.630,40.562,34.930
#149,56,Ryan Garrity,BMW M4 GT3,,+1.925,29.625,40.382,35.122
#151,76,Fabiano Pancheniak,Audi R8 LMS GT3 Evo 2,,+1.935,29.680,40.480,34.980
#153,31,Anthony Michael,Porsche 991 II GT3 R,,+1.952,29.950,40.145,35.062
#155,183,Kristopher Flores,Porsche 991 II GT3 R,,+1.960,29.955,40.285,34.925
#157,983,Kevin Andersen,Honda NSX GT3 Evo,,+2.022,29.695,40.435,35.097
#160,488,Collin Dunham,Porsche 991 II GT3 R,,+2.032,29.767,40.422,35.047
#162,700,Sean Williams,AMR V8 Vantage,,+2.037,29.910,40.412,34.920
#168,92,Jess Osborn,Porsche 991 II GT3 R,,+2.125,29.870,40.422,35.037
#170,721,Armands Petrovics,Mercedes-AMG GT3,,+2.177,29.715,40.740,34.927
#172,202,Christian Holmes,AMR V8 Vantage,,+2.230,29.707,40.565,35.162
#173,244,Michael Li,Mercedes-AMG GT3,,+2.235,30.105,40.407,34.927
#176,669,Chris Sweeney,Honda NSX GT3 Evo,,+2.280,30.115,40.257,35.112
#182,82,Peter Reynolds,Audi R8 LMS GT3 Evo 2,,+2.355,29.792,40.652,35.115
#184,25,Felix Paillant,Porsche 991 II GT3 R,,+2.380,29.832,40.710,35.042
#185,826,Curtis Lee,Lexus RC F GT3,,+2.402,29.732,40.687,35.187
#203,550,Sebastian Matheus,Honda NSX GT3 Evo,,+2.557,30.047,40.430,35.285
#204,876,Christopher Hines,AMR V8 Vantage,,+2.562,29.865,40.307,35.595
#212,737Curtis,Larade,Ferrari 488 GT3 Evo,,+2.712,29.887,40.782,35.247
#223,124,Dominic Chaumont,AMR V8 Vantage,,+2.787,29.832,40.832,35.327
#314,70,Zodi Fade,AMR V12 Vantage GT3,,+5.767,30.945,41.577,36.450
#322,68,Colin Shea,McLaren 720S GT3,,+7.275,30.200,43.035,37.245