rank,driver number,name,vehicle,fastest laptime,gap from fastest laptime,sector 1,sector 2,sector 3
#1 ,985,Alexei Koptsov,Honda NSX GT3 Evo,,,29.382,39.500,34.322
#2 ,1,Ryan Yee,Honda NSX GT3 Evo,,+0.057,29.365,39.567,34.330
#3 ,247,Nicolas Alvarado,Honda NSX GT3 Evo,,+0.075,29.457,39.562,34.260
#4,18,Michael Moening,Mercedes-AMG GT3,,+0.215,29.307,39.702,34.410
#5,67,Matt Leeman,AMR V8 Vantage,,+0.267,29.380,39.705,34.387
#6,888,Jeff Spangler,Honda NSX GT3 Evo,,+0.305,29.437,39.800,34.272
#7,354,Alexander Shchinov,Honda NSX GT3 Evo,,+0.347,29.382,39.887,34.282
#8,59,Koa Dromo,Porsche 991 II GT3 R,,+0.372,29.585,39.677,34.315
#9,63,James Reilly,Ferrari 488 GT3 Evo,,+0.372,29.405,39.672,34.500
#10,21,Dominic Duran,Porsche 991 II GT3 R,,+0.390,29.615,39.680,34.300
#11,143,Peter O'Brien,Porsche 991 II GT3 R,,+0.422,29.547,39.867,34.212
#12,20,Travis Nordstrom,Porsche 991 II GT3 R,,+0.450,29.592,39.820,34.242
#13,192,Michael Griffith,Porsche 991 II GT3 R,,+0.465,29.630,39.740,34.300
#14,3,Nate Specht,AMR V8 Vantage,,+0.472,29.402,39.830,34.445
#15,549,Matthew Marlow,Honda NSX GT3 Evo,,+0.477,29.475,39.860,34.347
#16,210,Jeremy Mercer,Porsche 991 II GT3 R,,+0.482,29.555,39.827,34.305
#17,781,Jon Sparks,Porsche 991 II GT3 R,,+0.527,29.565,39.827,34.340
#18,95,Diego Paul Fimbres Casas,BMW M4 GT3,,+0.540,29.487,39.785,34.472
#20,95,Diego Paul Fimbres Casas,Honda NSX GT3 Evo,,+0.545,29.517,39.905,34.327
#21,747,Mr Sir,AMR V8 Vantage,,+0.560,29.532,39.930,34.302
#22,887,Ryan Walker,Honda NSX GT3 Evo,,+0.572,29.625,39.922,34.230
#23,317,Delan Stallworth,Ferrari 488 GT3 Evo,,+0.580,29.422,39.807,34.555
#24,72,Danny Durrance,Porsche 991 II GT3 R,,+0.592,29.607,39.802,34.387
#25,325,Ronia Over,AMR V8 Vantage,,+0.610,29.437,39.940,34.437
#27,817,Dan Good,Honda NSX GT3 Evo,,+0.680,29.545,39.892,34.447
#28,195,Gomer Wilson,Porsche 991 II GT3 R,,+0.697,29.635,39.775,34.492
#29,496,Gareth Sykes,AMR V8 Vantage,,+0.712,29.495,40.040,34.382
#30,73,Travis Robinson,Porsche 991 II GT3 R,,+0.727,29.635,39.882,34.415
#32,213,Jordan Nixon,Mercedes-AMG GT3,,+0.740,29.440,39.987,34.517
#33,922,Eric Neville,Mercedes-AMG GT3,,+0.745,29.347,40.030,34.572
#34,66,Felipe Ernesto Vicini,Ferrari 488 GT3 Evo,,+0.755,29.520,39.820,34.620
#35,19Victor,Diaz,Porsche 991 II GT3 R,,+0.767,29.720,39.745,34.507
#36,666,Kelvin Lau,Honda NSX GT3 Evo,,+0.777,29.425,40.002,34.555
#37,11,Matthew Schwartz,Porsche 991 II GT3 R,,+0.780,29.565,39.927,34.492
#38,215,Adam Santana,Ferrari 488 GT3 Evo,,+0.782,29.507,39.935,34.545
#40,105,Nick San,BMW M4 GT3,,+0.802,29.412,39.982,34.612
#42,105,Nick San,Ferrari 488 GT3 Evo,,+0.817,29.532,39.772,34.717
#43,819,Dan Cran,Honda NSX GT3 Evo,,+0.832,29.540,40.060,34.437
#45,314,Caleb Yarrington,AMR V8 Vantage,,+0.867,29.542,39.935,34.595
#46,963,Jeffery Bray,Honda NSX GT3 Evo,,+0.892,29.657,40.135,34.305
#50,900,Chris Brown,Honda NSX GT3 Evo,,+0.907,29.560,39.990,34.562
#51,94,Andrew Anderson,Porsche 991 II GT3 R,,+0.912,29.655,40.020,34.442
#53,105,Nick San,Honda NSX GT3 Evo,,+0.977,29.432,40.102,34.647
#56,96,Chris Stefiuk,Porsche 991 II GT3 R,,+1.055,29.512,40.237,34.510
#59,325,Ronia Over,Honda NSX GT3 Evo,,+1.075,29.610,39.970,34.700
#61,277,Ivan McCroat,Porsche 991 II GT3 R,,+1.107,29.660,40.055,34.597
#63,270,Loïc Normandeau .D,Honda NSX GT3 Evo,,+1.140,29.585,40.132,34.627
#64,29,Evan Kim,AMR V8 Vantage,,+1.157,29.585,40.095,34.682
#65,49,Grant Klinsing,Lamborghini Huracán GT3 Evo,,+1.160,29.527,40.295,34.542
#75,712,Fazlee Majeed,Mercedes-AMG GT3,,+1.222,29.520,40.095,34.812
#81,617,Quin Smith,BMW M4 GT3,,+1.257,29.417,40.307,34.737
#83,67,Matt Leeman,Honda NSX GT3 Evo,,+1.280,29.797,40.032,34.655
#94,8,Brooker Quigg,Nissan GT-R Nismo GT3,,+1.385,29.640,40.017,34.932
#96,95,Diego Paul Fimbres Casas,Porsche 991 II GT3 R,,+1.410,29.920,40.127,34.567
#110,2,Tyler James,AMR V8 Vantage,,+1.522,29.487,40.197,35.042
#113,819,Dan Cran,Ferrari 488 GT3 Evo,,+1.555,29.642,40.377,34.740
#114,5,Michael Jeffries,Lamborghini Huracán GT3 Evo,,+1.562,29.592,40.222,34.952
#121,213,Jordan Nixon,Porsche 991 II GT3 R,,+1.625,29.730,40.430,34.670
#123,818,Brandon Walker,BMW M4 GT3,,+1.650,29.577,40.150,35.127
#127,712,Fazlee Majeed,McLaren 720S GT3,,+1.707,29.655,40.350,34.907
#137,277,Ivan McCroat,BMW M4 GT3,,+1.810,29.620,40.380,35.015
#152,3,Nate Specht,Honda NSX GT3 Evo,,+1.937,29.785,40.200,35.157
#165,819,Dan Cran,Lexus RC F GT3,,+2.087,29.760,40.312,35.220