rank,driver number,name,vehicle,fastest laptime,gap from fastest laptime,sector 1,sector 2,sector 3
#180,185,Aaron Kovach,AMR V8 Vantage,,+2.315,29.685,40.660,35.175
#221,304,Curtis Adams,Porsche 991 II GT3 R,,+2.782,30.087,40.455,35.445
#236,291,Emil Garcia,Honda NSX GT3 Evo,,+3.072,30.005,40.897,35.375
#242,322,Doug Sauner,AMR V8 Vantage,,+3.220,29.932,41.057,35.435
#244,903,Kaden McCoy,AMR V8 Vantage,,+3.312,30.107,40.585,35.825
#251,107,Alex Daniel,Porsche 991 II GT3 R,,+3.447,30.315,40.905,35.432
#255,151,Mike Dyer,Honda NSX GT3 Evo,,+3.587,30.185,40.987,35.620
#267,390,Joe Dub,Lexus RC F GT3,,+3.862,30.335,41.232,35.500
#268,336Jak,Patch,AMR V8 Vantage,,+3.990,30.122,41.105,35.967
#269,906,Raf CAB,AMR V8 Vantage,,+3.997,30.582,40.832,35.787
#276,520,Odin Marshal,McLaren 720S GT3,,+4.282,30.242,41.430,35.815
#279,360,Imanol Castro,McLaren 720S GT3,,+4.390,30.680,41.242,35.672
#281,380,Andrew Wong,Mercedes-AMG GT3,,+4.417,30.460,40.915,36.247
#282,431,Austin Burchfield,BMW M4 GT3,,+4.442,30.605,41.117,35.925
#286,445,Michael Micieli,McLaren 720S GT3,,+4.565,30.525,41.677,35.567
#289,562,Austin Gaskin,McLaren 720S GT3,,+4.597,30.435,41.560,35.807
#290,625,J.P May,Audi R8 LMS GT3 Evo 2,,+4.610,30.692,41.412,35.710
#291,902,Jeremy Yaron,Porsche 991 II GT3 R,,+4.702,30.442,41.207,36.257
#292,83,Conor Farrell,Porsche 991 II GT3 R,,+4.717,30.617,41.690,35.615
#293,624,Samuel Gay,Porsche 991 II GT3 R,,+4.822,30.555,41.595,35.877
#294,351,The Loudest Tomato,AMR V8 Vantage,,+4.890,30.060,41.710,36.325
#295,950,Rob Warren,McLaren 720S GT3,,+4.915,30.215,41.727,36.177
#296,984,Jason Yaron,Porsche 991 II GT3 R,,+4.942,30.367,41.740,36.040
#298,851,Sam Harris,Porsche 991 II GT3 R,,+5.122,30.427,42.210,35.690
#299,663,Etalerni Lere,Audi R8 LMS GT3 Evo 2,,+5.135,30.247,41.602,36.490
#300,770,Scott Velain,Audi R8 LMS GT3 Evo 2,,+5.137,30.395,41.757,36.190
#301,108,Tim Soyk,Lexus RC F GT3,,+5.175,30.545,41.877,35.957
#303,530,DryBones Malone,Honda NSX GT3 Evo,,+5.312,30.450,41.687,36.380
#305,656,Brandon Rattler,Porsche 991 II GT3 R,,+5.395,30.362,41.690,36.547
#306,585,Edwin Yip,McLaren 720S GT3,,+5.460,30.852,41.912,35.900
#308,494,Roberto Rosa,Mercedes-AMG GT3,,+5.485,30.390,41.920,36.380
#309,135,Zain Mirza,McLaren 720S GT3,,+5.502,30.497,41.762,36.447
#310,390,Joe Dub,AMR V8 Vantage,,+5.567,30.632,41.820,36.320
#311,656,Brandon Rattler,Mercedes-AMG GT3,,+5.567,30.325,41.722,36.725
#312,582,Julien Bacon,Porsche 991 II GT3 R,,+5.655,30.380,42.080,36.400
#313,170,Christopher Ellis,Mercedes-AMG GT3,,+5.765,30.527,41.997,36.445
#315,170,Christopher Ellis,Porsche 991 II GT3 R,,+5.810,30.715,42.217,36.082
#316,451,Cole Compton,Honda NSX GT3 Evo,,+6.120,30.777,42.022,36.525
#317,678,Sonny Mills,Honda NSX GT3 Evo,,+6.127,30.725,42.087,36.520
#320,491,Maniacal Toaster,AMR V8 Vantage,,+6.715,31.085,42.020,36.815
#321,197,Philip Menzies,Honda NSX GT3 Evo,,+6.927,31.240,42.182,36.710
#323,345,Anirudh Dhoundiyal,McLaren 720S GT3,,+7.292,30.742,42.855,36.900
#326,704,Gordon Beverly Jr.,AMR V8 Vantage,,+7.507,30.787,42.217,37.707
#327,419,Giancarlo Ratti,Honda NSX GT3 Evo,,+7.885,30.985,43.322,36.782
#328,106,Grant Cameron,Porsche 991 II GT3 R,,+7.945,31.845,42.885,36.420
#329,119,Stamati Papadopoulos,Honda NSX GT3 Evo,,+7.972,31.437,42.540,37.200
#331,323,Josh Smith,BMW M4 GT3,,+9.360,30.792,43.292,38.480
#333,764,Ricardo Ratti,Honda NSX GT3 Evo,,+10.552,32.142,44.072,37.542