rank,driver number,name,vehicle,fastest laptime,gap from fastest laptime,sector 1,sector 2,sector 3
#150,443,Michael Magenheimer,Honda NSX GT3 Evo,,+1.935,29.655,40.357,35.127
#179,196,Klaus Conn,Ferrari 488 GT3 Evo,,+2.312,29.692,40.745,35.080
#186,89,Shaun Daniels,Porsche 991 II GT3 R,,+2.407,29.982,40.427,35.202
#193,846,Jeffrey Lutz,Honda NSX GT3 Evo,,+2.450,29.890,40.650,35.115
#195,988,Chad Santer,Ferrari 488 GT3 Evo,,+2.460,29.777,40.670,35.217
#196,214,Ein Byron,Lexus RC F GT3,,+2.472,29.860,40.717,35.100
#201,657,Harold MacDonald,AMR V8 Vantage,,+2.540,29.970,40.667,35.107
#208,723,Dawson Tremelling,AMR V8 Vantage,,+2.625,29.792,40.662,35.375
#210,32,Geetesh Khatavkar,Ferrari 488 GT3 Evo,,+2.670,29.852,40.795,35.227
#211,780,Cliff Hemeon,Honda NSX GT3 Evo,,+2.697,29.987,40.590,35.325
#214,637,Lane Yates,Honda NSX GT3 Evo,,+2.730,29.757,40.697,35.480
#216,713,Ben Roberts,AMR V8 Vantage,,+2.732,30.062,40.490,35.385
#218,280,Dan Rufus,McLaren 720S GT3,,+2.747,29.785,40.965,35.202
#219,219,Richard Schulze,AMR V8 Vantage,,+2.760,30.157,40.710,35.097
#222,365,Tony Swann,Ferrari 488 GT3 Evo,,+2.787,30.075,40.815,35.102
#224,231,Gordon Beverly,AMR V8 Vantage,,+2.810,29.790,40.632,35.592
#228,717,Stephen Sarver,McLaren 720S GT3,,+2.920,30.100,40.875,35.150
#231,437,Alex Welsh,AMR V8 Vantage,,+2.972,30.022,40.860,35.295
#234,300,Joe Shabadu,AMR V8 Vantage,,+3.045,29.730,40.882,35.637
#235,114,Christopher Quarles,AMR V8 Vantage,,+3.067,30.072,40.920,35.280
#238,860,Ben Chen,Audi R8 LMS GT3 Evo 2,,+3.102,30.315,40.697,35.295
#241,310Dan,Meyer,Mercedes-AMG GT3,,+3.190,29.935,40.907,35.552
#245,366,Matthew Herald,McLaren 720S GT3,,+3.332,30.187,41.040,35.310
#247,232,Ren Aoki,McLaren 720S GT3,,+3.387,29.910,40.917,35.765
#249,996,Brett Swift,Porsche 991 II GT3 R,,+3.415,30.217,40.887,35.515
#250,668,Alan Leung,McLaren 720S GT3,,+3.437,29.905,41.107,35.630
#252,997,Panzo Rigatoni,Lexus RC F GT3,,+3.485,29.805,41.270,35.615
#256,512,John Ansom,AMR V8 Vantage,,+3.597,30.095,41.037,35.670
#257,848,Alex Chunk,AMR V8 Vantage,,+3.607,30.087,41.082,35.642
#259,164,Stephen Pellerin,Honda NSX GT3 Evo,,+3.642,30.260,41.197,35.390
#260,850,Robert Love,Porsche 991 II GT3 R,,+3.647,30.195,41.207,35.450
#261,989,Nate Bright,AMR V8 Vantage,,+3.670,30.232,40.967,35.675
#262,406,Jose Herrera,McLaren 720S GT3,,+3.675,30.250,41.242,35.387
#264,424,Jerry Finkelstein,Ferrari 488 GT3 Evo,,+3.765,29.957,41.155,35.857
#265,886,Ian Gilchrist,Ferrari 488 GT3 Evo,,+3.767,30.035,40.962,35.975
#266,251,Steven Brule,Mercedes-AMG GT3,,+3.807,30.170,41.202,35.640
#270,101,Brian Koontz,AMR V8 Vantage,,+4.055,29.992,41.232,36.035
#273,153,The Squig,Porsche 991 GT3 R,,+4.147,30.435,41.282,35.635
#275,153,The Squig,Porsche 991 II GT3 R,,+4.272,30.072,41.417,35.987
#277,164,Stephen Pellerin,AMR V8 Vantage,,+4.347,30.420,41.462,35.670
#278,243,Joe Steadman,Audi R8 LMS GT3 Evo 2,,+4.352,30.310,41.447,35.800
#280,109William,Forsling,AMR V8 Vantage,,+4.392,30.212,41.147,36.237
#283,164,Stephen Pellerin,Ferrari 488 GT3 Evo,,+4.460,30.432,41.502,35.730
#284,311,Stephanie Fisher,McLaren 720S GT3,,+4.480,30.290,41.350,36.045
#285,437,Alex Welsh,Lamborghini Huracán GT3 Evo,,+4.537,30.102,41.625,36.015
#287,696,Patches O'Hoolihan,Honda NSX GT3 Evo,,+4.567,30.285,41.490,35.997
#288,141,Thomas Ma,McLaren 720S GT3,,+4.587,30.582,41.537,35.672
#297,418,Jordan Kimball,Honda NSX GT3 Evo,,+4.995,30.747,41.782,35.670
#302,529,Jacob Rogers,AMR V8 Vantage,,+5.262,30.380,41.847,36.240
#304,838,Noah Fong,Honda NSX GT3 Evo,,+5.387,30.625,41.810,36.157
#307,254,Colton Bailey,BMW M4 GT3,,+5.485,30.347,41.877,36.465
#318,243,Joe Steadman,BMW M4 GT3,,+6.310,30.667,42.407,36.440
#324,850,Robert Love,Porsche 991 II GT3 Cup,,+7.417,31.057,42.712,36.852