rank,driver number,name,vehicle,fastest laptime,gap from fastest laptime,sector 1,sector 2,sector 3
#63,643,Caleb Craig,Ferrari 488 GT3 Evo,,+1.192,26.982,21.742,34.872
#74,39,David Funk,Emil Frey Jaguar G3,,+1.315,26.992,21.675,35.052
#80,319,Patryck Brady,Porsche 991 II GT3 R,,+1.345,27.232,21.850,34.667
#86,174,Eduardo Rodríguez,AMR V8 Vantage,,+1.400,27.355,21.752,34.697
#88,687,Jacob Zitko,AMR V8 Vantage,,+1.440,26.855,21.575,35.415
#98,256,Cory Davis,AMR V8 Vantage,,+1.557,27.110,21.887,34.965
#99,852,Cube Master,Porsche 991 II GT3 R,,+1.567,27.055,21.967,34.950
#105,193,Ethan Marvin,Honda NSX GT3 Evo,,+1.647,27.222,21.815,35.015
#107,177,Rogerio Santos,McLaren 720S GT3,,+1.667,27.200,21.662,35.210
#117,751,Justin Rutledge,Honda NSX GT3 Evo,,+1.827,27.325,21.875,35.032
#121,222,Clark Gould,AMR V8 Vantage,,+1.892,27.287,21.822,35.187
#126,122,Austin Whitescarver,Ferrari 488 GT3 Evo,,+1.962,26.947,21.882,35.537
#128,230,Riley Barker,Lexus RC F GT3,,+1.977,27.205,21.802,35.375
#135,35,Selena Boonstra,Porsche 991 II GT3 R,,+2.075,27.657,21.922,34.900
#136,969,Bobby Dockendorf,Audi R8 LMS GT3 Evo 2,,+2.077,27.192,21.902,35.387
#142,543,Julio Bajdaun III,Honda NSX GT3 Evo,,+2.152,27.515,21.642,35.400
#143,504,Lester Banks,Porsche 991 II GT3 R,,+2.157,27.277,22.025,35.260
#145,166,Harvey Kandola,Porsche 991 II GT3 R,,+2.165,27.270,21.857,35.442
#146,898,Justin Rose,Audi R8 LMS GT3 Evo 2,,+2.167,27.402,21.750,35.420
#149,100,John Donahue,Porsche 991 II GT3 R,,+2.212,27.687,21.787,35.142
#151,218,Josh Potvin,Ferrari 488 GT3 Evo,,+2.260,27.372,21.970,35.322
#152,621,Riley Fair,AMR V8 Vantage,,+2.270,27.155,22.062,35.457
#154,303,Martin Riggs,Lexus RC F GT3,,+2.282,27.115,21.887,35.685
#156,225,Anim Friday,Porsche 991 II GT3 R,,+2.330,27.392,22.115,35.227
#157,640,Stephen Kulin,Ferrari 488 GT3 Evo,,+2.330,27.315,21.887,35.532
#158,357,Darren Robichaud,AMR V8 Vantage,,+2.337,27.392,22.060,35.290
#159,162,Ramon Lorenzo,Honda NSX GT3 Evo,,+2.370,27.362,21.645,35.767
#160,986,Pat Cockcroft,Porsche 991 II GT3 R,,+2.370,27.255,21.920,35.600
#164,699,Matt Matasy,AMR V8 Vantage,,+2.440,27.255,22.162,35.427
#166,999,Zack Sky,Porsche 991 II GT3 R,,+2.485,27.472,21.922,35.495
#168,822,Cody Platt,AMR V8 Vantage,,+2.495,27.530,21.915,35.455
#169,159,Mark Rechtin,AMR V8 Vantage,,+2.520,27.310,22.102,35.512
#173,420,Drache Tibbetts,Mercedes-AMG GT3,,+2.620,27.740,22.092,35.192
#176,921,Jeff Thompson,McLaren 720S GT3,,+2.637,27.370,21.947,35.725
#180,42,DJ Watts,Emil Frey Jaguar G3,,+2.707,27.297,22.215,35.600
#194,133Jan,Rodricks,McLaren 720S GT3,,+3.032,27.910,22.042,35.485
#197,140,Ghislain Smith,McLaren 720S GT3,,+3.065,27.720,22.157,35.592
#199,724,Jacob L.Charron,Ferrari 488 GT3 Evo,,+3.092,27.635,22.047,35.815
#203,912,Kevin Unda,Porsche 991 II GT3 R,,+3.137,27.642,22.110,35.790
#204,134,Mathew Wolkowicz,Porsche 991 II GT3 R,,+3.137,27.800,22.297,35.445
#206,664,Thomas Greer,Porsche 991 II GT3 R,,+3.190,27.600,22.172,35.822
#213,305,Roger Rodriguez,AMR V8 Vantage,,+3.445,27.460,22.175,36.215
#214,867,Jeff Sheppard (Nacho),McLaren 720S GT3,,+3.535,27.585,22.352,36.002
#231,335,Justin Mackechnie,Mercedes-AMG GT3,,+4.292,28.220,22.315,36.162