rank,driver number,name,vehicle,fastest laptime,gap from fastest laptime,sector 1,sector 2,sector 3
#1 ,247,Nicolas Alvarado,Honda NSX GT3 Evo,,,26.550,21.407,34.447
#3 ,888,Jeff Spangler,Honda NSX GT3 Evo,,+0.222,26.677,21.607,34.342
#4,1,Ryan Yee,Honda NSX GT3 Evo,,+0.292,26.692,21.455,34.550
#5,95,Diego Paul Fimbres Casas,BMW M4 GT3,,+0.307,26.815,21.452,34.445
#6,21,Dominic Duran,Porsche 991 II GT3 R,,+0.360,26.800,21.547,34.417
#7,73,Travis Robinson,Porsche 991 II GT3 R,,+0.420,26.710,21.462,34.652
#8,67,Matt Leeman,AMR V8 Vantage,,+0.422,26.810,21.475,34.542
#9,8,Brooker Quigg,Nissan GT-R Nismo GT3,,+0.452,26.687,21.520,34.650
#11,63,James Reilly,Ferrari 488 GT3 Evo,,+0.467,26.707,21.457,34.707
#12,549,Matthew Marlow,Honda NSX GT3 Evo,,+0.475,26.730,21.490,34.660
#13,317,Delan Stallworth,Ferrari 488 GT3 Evo,,+0.477,26.670,21.505,34.707
#14,59,Koa Dromo,Porsche 991 II GT3 R,,+0.492,26.642,21.575,34.680
#15,819,Dan Cran,Honda NSX GT3 Evo,,+0.505,26.735,21.535,34.640
#16,922,Eric Neville,Mercedes-AMG GT3,,+0.512,26.745,21.535,34.637
#17,781,Jon Sparks,Porsche 991 II GT3 R,,+0.522,26.680,21.590,34.657
#18,195,Gomer Wilson,Porsche 991 II GT3 R,,+0.522,26.885,21.602,34.440
#19,19Victor,Diaz,Porsche 991 II GT3 R,,+0.537,26.747,21.532,34.662
#20,215,Adam Santana,Ferrari 488 GT3 Evo,,+0.537,26.930,21.550,34.462
#21,66,Felipe Ernesto Vicini,Ferrari 488 GT3 Evo,,+0.545,26.622,21.795,34.532
#22,11,Matthew Schwartz,Porsche 991 II GT3 R,,+0.610,26.845,21.680,34.490
#23,213,Jordan Nixon,Mercedes-AMG GT3,,+0.620,26.935,21.580,34.510
#26,277,Ivan McCroat,Porsche 991 II GT3 R,,+0.640,26.757,21.502,34.785
#28,496,Gareth Sykes,AMR V8 Vantage,,+0.672,26.772,21.525,34.780
#32,143,Peter O'Brien,Porsche 991 II GT3 R,,+0.750,26.865,21.522,34.767
#35,105,Nick San,BMW M4 GT3,,+0.777,27.042,21.487,34.652
#36,817,Dan Good,Honda NSX GT3 Evo,,+0.777,26.882,21.625,34.675
#38,72,Danny Durrance,Porsche 991 II GT3 R,,+0.822,26.690,21.740,34.797
#39,325,Ronia Over,AMR V8 Vantage,,+0.850,26.997,21.615,34.642
#40,81,Patrick Rust,Nissan GT-R Nismo GT3,,+0.857,26.822,21.595,34.845
#42,666,Kelvin Lau,Honda NSX GT3 Evo,,+0.900,26.905,21.610,34.790
#45,617,Quin Smith,BMW M4 GT3,,+0.967,27.057,21.692,34.622
#46,712,Fazlee Majeed,Mercedes-AMG GT3,,+0.980,26.950,21.672,34.762
#53,900,Chris Brown,Honda NSX GT3 Evo,,+1.010,26.935,21.650,34.830
#56,819,Dan Cran,Lexus RC F GT3,,+1.120,26.925,21.582,35.017
#61,49,Grant Klinsing,Lamborghini Huracán GT3 Evo,,+1.170,26.985,21.717,34.872
#90,94,Andrew Anderson,Porsche 991 II GT3 R,,+1.457,26.890,21.875,35.097
#101,963,Jeffery Bray,Honda NSX GT3 Evo,,+1.605,27.025,21.972,35.012
#103,270,Loïc Normandeau .D,Honda NSX GT3 Evo,,+1.625,27.240,21.780,35.010
#111,29,Evan Kim,AMR V8 Vantage,,+1.727,27.072,21.902,35.157
#116,5,Michael Jeffries,Lamborghini Huracán GT3 Evo,,+1.825,27.357,21.752,35.120
#177,3,Nate Specht,AMR V8 Vantage,,+2.652,27.535,22.172,35.350
#268,666,Kelvin Lau,Porsche 718 Cayman GT4 CS,,+10.340,29.762,24.300,38.682