rank,driver number,name,vehicle,fastest laptime,gap from fastest laptime,sector 1,sector 2,sector 3
#10,878,Alex Davidoff,Ferrari 488 GT3 Evo,,+0.462,26.845,21.460,34.562
#24,262,Josh Schlitz,AMR V8 Vantage,,+0.630,26.882,21.457,34.695
#25,544,Jon Crown,McLaren 720S GT3,,+0.635,26.830,21.492,34.717
#27,226,Jacob Rutkoske,Ferrari 488 GT3 Evo,,+0.645,26.932,21.457,34.660
#30,330,Mert Mihci,Porsche 991 II GT3 R,,+0.702,26.880,21.527,34.700
#31,77Russell,Allen,Ferrari 488 GT3 Evo,,+0.712,26.870,21.660,34.587
#33,15,Jason Allen,Ferrari 488 GT3 Evo,,+0.750,26.935,21.502,34.717
#37,65,Alex Chilcutt,AMR V8 Vantage,,+0.780,27.005,21.532,34.647
#43,449,Tyler Matlock,Porsche 991 II GT3 R,,+0.945,26.925,21.580,34.845
#44,815,Jon Archie,Ferrari 488 GT3 Evo,,+0.947,26.977,21.745,34.630
#47,358,Jarrod Seccombe,BMW M4 GT3,,+0.985,26.952,21.612,34.825
#48,599,Guy Manperson,AMR V8 Vantage,,+0.990,26.985,21.657,34.752
#49,157,Max Diggs,Porsche 991 II GT3 R,,+0.995,27.045,21.595,34.760
#50,53,João Semedo,McLaren 720S GT3,,+1.007,26.967,21.675,34.770
#51,207,Ian Harris,McLaren 720S GT3,,+1.007,27.055,21.522,34.835
#52,350,Landon Drebes,AMR V8 Vantage,,+1.007,26.947,21.637,34.827
#54,777,Josh Damiani,AMR V8 Vantage,,+1.027,27.180,21.677,34.575
#57,918,Michael Louie,Audi R8 LMS GT3 Evo 2,,+1.125,27.090,21.697,34.742
#60,604,Stephen Smalley,Ferrari 488 GT3 Evo,,+1.167,27.130,21.742,34.700
#62,24,Karl Fredricksen,AMR V8 Vantage,,+1.177,26.910,21.812,34.860
#65,679,Ken Thomas,Honda NSX GT3 Evo,,+1.210,26.932,21.640,35.042
#66,976,Andrew Berg,Lexus RC F GT3,,+1.222,27.205,21.630,34.792
#67,34,Eric Boardman,Audi R8 LMS GT3 Evo 2,,+1.227,26.905,21.717,35.010
#71,523,Nate Rodger,AMR V8 Vantage,,+1.290,27.320,21.580,34.795
#72,128,Kevin Kovach,Porsche 991 II GT3 R,,+1.300,27.032,21.637,35.035
#73,120,Moira Zooch,AMR V8 Vantage,,+1.302,27.385,21.605,34.717
#75,613,Ian Wheeler,AMR V8 Vantage,,+1.322,26.992,21.710,35.025
#81,416,Mike Scott,AMR V8 Vantage,,+1.360,27.107,21.742,34.915
#82,947,Alex Krochik,AMR V8 Vantage,,+1.387,27.217,21.797,34.777
#84,981,Land Shark,Porsche 991 II GT3 R,,+1.392,26.920,21.630,35.247
#91,48,Pauleh Hartman,AMR V8 Vantage,,+1.460,27.327,21.682,34.855
#93,502,Bryan Anderson,Lamborghini Huracán GT3 Evo,,+1.527,27.437,21.772,34.722
#95,926,Michael Stasiv,Lamborghini Huracán GT3 Evo,,+1.540,27.235,21.775,34.935
#96,36,Nick Wagner,Lexus RC F GT3,,+1.550,27.145,21.707,35.102
#97,14,Bailey Kish,Porsche 991 II GT3 R,,+1.557,27.122,21.622,35.217
#100,10,Douglas Mitchell,AMR V8 Vantage,,+1.580,27.205,21.775,35.005
#102,12,Austin Gardner,Lamborghini Huracán GT3 Evo,,+1.615,27.360,21.870,34.790
#110,710,Fire Queso,AMR V8 Vantage,,+1.685,27.205,21.892,34.992
#112,4,Al Lotufo,Porsche 991 II GT3 R,,+1.740,27.330,21.812,35.002
#114,762,Shea McCoy,McLaren 720S GT3,,+1.747,27.167,21.702,35.282
#124,527,Jack Polyak,BMW M4 GT3,,+1.912,27.170,21.692,35.455
#129,34,Eric Boardman,Mercedes-AMG GT3,,+1.980,27.027,21.932,35.425
#137,22Taylor,Molyneux,Porsche 991 II GT3 R,,+2.082,27.075,21.960,35.452
#148,34,Eric Boardman,Porsche 991 II GT3 R,,+2.175,27.195,22.080,35.305
#171,6,Matt Morrison,Lamborghini Huracán GT3 Evo,,+2.582,27.430,21.917,35.640
#184,815,Jon Archie,Lamborghini Huracán GT3 Evo,,+2.752,27.445,22.150,35.562
#195,226,Jacob Rutkoske,Emil Frey Jaguar G3,,+3.055,27.685,22.190,35.585
#200,293,Felipe Botella,Ferrari 488 GT3 Evo,,+3.112,27.297,21.987,36.232
#234,86,Cory Cercone,Porsche 991 II GT3 R,,+4.585,28.315,22.197,36.477
#243,882,Dan Rebel,Porsche 991 II GT3 R,,+4.970,28.332,22.560,36.482