rank,driver number,name,vehicle,fastest laptime,gap from fastest laptime,sector 1,sector 2,sector 3
#155,304,Curtis Adams,Porsche 991 II GT3 R,,+2.297,27.295,22.100,35.307
#172,322,Doug Sauner,AMR V8 Vantage,,+2.597,27.687,22.050,35.265
#185,151,Mike Dyer,Honda NSX GT3 Evo,,+2.772,27.542,22.115,35.520
#188,678,Sonny Mills,Honda NSX GT3 Evo,,+2.877,27.677,22.235,35.370
#202,336Jak,Patch,AMR V8 Vantage,,+3.120,27.995,22.157,35.372
#209,906,Raf CAB,AMR V8 Vantage,,+3.280,27.837,22.157,35.690
#212,663,Etalerni Lere,Audi R8 LMS GT3 Evo 2,,+3.420,27.527,22.140,36.157
#216,656,Brandon Rattler,Porsche 991 II GT3 R,,+3.552,27.580,22.142,36.235
#219,903,Kaden McCoy,AMR V8 Vantage,,+3.670,27.730,21.830,36.515
#220,185,Aaron Kovach,AMR V8 Vantage,,+3.745,27.732,22.342,36.075
#223,520,Odin Marshal,McLaren 720S GT3,,+3.920,27.750,22.360,36.215
#226,83,Conor Farrell,Porsche 991 II GT3 R,,+4.087,28.102,22.237,36.152
#227,107,Alex Daniel,Porsche 991 II GT3 R,,+4.092,27.977,22.360,36.160
#228,984,Jason Yaron,Porsche 991 II GT3 R,,+4.172,28.017,22.312,36.247
#237,135,Zain Mirza,McLaren 720S GT3,,+4.780,27.945,22.365,36.875
#240,445,Michael Micieli,McLaren 720S GT3,,+4.890,28.335,22.615,36.345
#241,197,Philip Menzies,Honda NSX GT3 Evo,,+4.910,27.302,22.705,37.307
#244,451,Cole Compton,Honda NSX GT3 Evo,,+5.007,28.317,22.535,36.560
#246,170,Christopher Ellis,Porsche 991 II GT3 R,,+5.210,28.547,22.435,36.632
#247,770,Scott Velain,Audi R8 LMS GT3 Evo 2,,+5.225,28.227,22.467,36.935
#248,902,Jeremy Yaron,Porsche 991 II GT3 R,,+5.257,28.412,22.552,36.697
#249,704,Gordon Beverly Jr.,AMR V8 Vantage,,+5.355,28.372,22.490,36.897
#250,950,Rob Warren,McLaren 720S GT3,,+5.395,28.195,22.897,36.707
#251,380,Andrew Wong,Mercedes-AMG GT3,,+5.635,28.325,22.720,36.995
#252,582,Julien Bacon,Porsche 991 II GT3 R,,+5.697,28.692,22.405,37.005
#253,108,Tim Soyk,Lexus RC F GT3,,+6.010,28.385,22.892,37.137
#254,106,Grant Cameron,Porsche 991 II GT3 R,,+6.050,29.072,22.900,36.482
#256,491,Maniacal Toaster,AMR V8 Vantage,,+6.292,29.160,22.487,37.050
#257,851,Sam Harris,Porsche 991 II GT3 R,,+6.305,28.697,23.005,37.007
#258,662,Steve Mz,AMR V8 Vantage,,+6.427,28.835,22.550,37.447
#259,494,Roberto Rosa,Mercedes-AMG GT3,,+6.445,28.520,23.227,37.102
#260,345,Anirudh Dhoundiyal,McLaren 720S GT3,,+6.480,28.515,22.897,37.472
#261,624,Samuel Gay,Porsche 991 II GT3 R,,+6.712,28.905,22.932,37.280
#262,625,J.P May,Audi R8 LMS GT3 Evo 2,,+6.730,28.932,22.860,37.342
#265,323,Josh Smith,BMW M4 GT3,,+7.650,29.372,23.002,37.680
#266,360,Imanol Castro,McLaren 720S GT3,,+7.750,28.852,23.340,37.962
#267,119,Stamati Papadopoulos,Honda NSX GT3 Evo,,+8.480,29.397,23.495,37.992