rank,driver number,name,vehicle,fastest laptime,gap from fastest laptime,sector 1,sector 2,sector 3
#29,68,Colin Shea,McLaren 720S GT3,,+0.682,26.715,21.610,34.762
#34,788,Sam Rek,AMR V8 Vantage,,+0.752,26.892,21.640,34.625
#41,466,Zack Dupuis,AMR V8 Vantage,,+0.875,26.972,21.662,34.645
#55,514,CJ Meeks,Lexus RC F GT3,,+1.032,26.885,21.615,34.937
#59,760,Andy Speed,AMR V8 Vantage,,+1.130,27.167,21.737,34.630
#64,647,Super Dave,AMR V8 Vantage,,+1.205,27.065,21.675,34.870
#68,993,Joel Moffatt,Honda NSX GT3 Evo,,+1.240,27.110,21.875,34.660
#69,492,Aaron Anderson,AMR V8 Vantage,,+1.277,27.047,21.605,35.030
#70,727Dustin,Fickert,AMR V8 Vantage,,+1.287,27.102,21.660,34.930
#77,288,Logan Schaeffer,Honda NSX GT3 Evo,,+1.327,26.927,21.970,34.835
#78,909,Nic Cameron,Audi R8 LMS GT3 Evo 2,,+1.332,27.090,21.717,34.930
#79,937,Andre Lloyd,Porsche 991 II GT3 R,,+1.335,27.355,21.685,34.700
#83,788,Sam Rek,Audi R8 LMS GT3 Evo 2,,+1.390,26.967,21.895,34.932
#85,488,Collin Dunham,Porsche 991 II GT3 R,,+1.395,26.922,21.812,35.065
#87,788,Sam Rek,Lamborghini Huracán GT3 Evo,,+1.412,26.987,21.895,34.935
#89,46,Mike Geno,AMR V8 Vantage,,+1.450,27.217,21.830,34.807
#92,628,Matt Anastasi,Porsche 991 II GT3 R,,+1.512,27.060,21.770,35.087
#104,78,Johnny Air,Porsche 991 II GT3 R,,+1.630,27.082,21.777,35.175
#106,983,Kevin Andersen,Honda NSX GT3 Evo,,+1.650,27.277,21.885,34.892
#108,954,Robert Almeida,Honda NSX GT3 Evo,,+1.677,27.225,21.705,35.152
#109,169,Roby Toty,AMR V8 Vantage,,+1.677,27.130,21.762,35.190
#113,92,Jess Osborn,Porsche 991 II GT3 R,,+1.740,27.180,21.677,35.287
#115,142,Elliot Levine,BMW M4 GT3,,+1.790,27.142,21.770,35.282
#118,615,Niko Roskosh,Mercedes-AMG GT3,,+1.845,27.257,21.847,35.145
#119,550,Sebastian Matheus,Honda NSX GT3 Evo,,+1.850,27.242,21.725,35.287
#120,183,Kristopher Flores,Porsche 991 II GT3 R,,+1.890,27.150,21.962,35.182
#122,972,Quinton Schattner,Porsche 991 II GT3 R,,+1.900,27.290,22.032,34.982
#123,883,Matt Schmitzer,Audi R8 LMS GT3 Evo 2,,+1.907,27.325,21.787,35.200
#125,56,Ryan Garrity,BMW M4 GT3,,+1.957,27.617,21.777,34.967
#127,182,David Scuza,Porsche 991 II GT3 R,,+1.967,27.205,22.145,35.022
#130,25,Felix Paillant,Porsche 991 II GT3 R,,+1.987,27.062,21.895,35.435
#131,202,Christian Holmes,AMR V8 Vantage,,+2.000,27.520,21.845,35.040
#132,82,Peter Reynolds,Audi R8 LMS GT3 Evo 2,,+2.025,27.370,21.917,35.142
#133,131,Tony Spagett,Porsche 991 II GT3 R,,+2.057,27.277,21.820,35.365
#134,974,Scott Smith,Audi R8 LMS GT3 Evo 2,,+2.060,27.280,21.975,35.210
#138,721,Armands Petrovics,Mercedes-AMG GT3,,+2.112,27.287,21.892,35.337
#141,691,Null Maxwell,Audi R8 LMS GT3 Evo 2,,+2.150,27.322,21.937,35.295
#147,121,Chris Witting Jr,AMR V8 Vantage,,+2.172,27.425,22.027,35.125
#150,826,Curtis Lee,Lexus RC F GT3,,+2.227,27.435,21.827,35.370
#153,76,Fabiano Pancheniak,Audi R8 LMS GT3 Evo 2,,+2.270,27.377,21.920,35.377
#161,804,JB Ruzic,Honda NSX GT3 Evo,,+2.372,27.422,22.050,35.305
#163,700,Sean Williams,AMR V8 Vantage,,+2.412,27.400,21.790,35.627
#189,510Waleed,Sadat,Porsche 991 II GT3 R,,+2.882,27.565,22.275,35.447
#191,804,JB Ruzic,AMR V8 Vantage,,+2.897,27.905,22.052,35.345
#196,124,Dominic Chaumont,AMR V8 Vantage,,+3.062,27.737,22.125,35.605
#198,876,Christopher Hines,AMR V8 Vantage,,+3.090,27.575,22.105,35.815