rank,driver number,name,vehicle,fastest laptime,gap from fastest laptime,sector 1,sector 2,sector 3
#58,723,Dawson Tremelling,AMR V8 Vantage,,+1.125,26.925,21.675,34.930
#76,231,Gordon Beverly,AMR V8 Vantage,,+1.325,27.075,21.575,35.080
#94,443,Michael Magenheimer,Honda NSX GT3 Evo,,+1.530,27.037,21.792,35.105
#139,300,Joe Shabadu,AMR V8 Vantage,,+2.120,27.262,21.822,35.440
#140,32,Geetesh Khatavkar,Ferrari 488 GT3 Evo,,+2.130,27.332,21.912,35.290
#144,365,Tony Swann,Ferrari 488 GT3 Evo,,+2.165,27.447,21.950,35.172
#162,717,Stephen Sarver,McLaren 720S GT3,,+2.375,27.507,21.840,35.432
#165,89,Shaun Daniels,Porsche 991 II GT3 R,,+2.455,27.382,21.920,35.557
#170,668,Alan Leung,McLaren 720S GT3,,+2.522,27.535,22.110,35.282
#174,637,Lane Yates,Honda NSX GT3 Evo,,+2.622,27.405,22.100,35.522
#175,214,Ein Byron,Lexus RC F GT3,,+2.627,27.417,21.857,35.757
#178,848,Alex Chunk,AMR V8 Vantage,,+2.662,27.680,21.832,35.555
#179,846,Jeffrey Lutz,Honda NSX GT3 Evo,,+2.682,27.465,22.022,35.600
#181,988,Chad Santer,Ferrari 488 GT3 Evo,,+2.712,27.422,22.335,35.360
#182,280,Dan Rufus,McLaren 720S GT3,,+2.735,27.835,21.965,35.340
#183,232,Ren Aoki,McLaren 720S GT3,,+2.750,27.347,21.780,36.027
#186,512,John Ansom,AMR V8 Vantage,,+2.857,27.652,21.912,35.697
#187,366,Matthew Herald,McLaren 720S GT3,,+2.872,27.612,21.900,35.765
#190,219,Richard Schulze,AMR V8 Vantage,,+2.890,27.520,22.132,35.642
#192,196,Klaus Conn,Ferrari 488 GT3 Evo,,+2.967,27.737,22.122,35.512
#193,164,Stephen Pellerin,Honda NSX GT3 Evo,,+3.022,27.695,22.100,35.632
#201,713,Ben Roberts,AMR V8 Vantage,,+3.115,27.942,22.292,35.285
#205,251,Steven Brule,Mercedes-AMG GT3,,+3.142,27.937,21.965,35.645
#207,860,Ben Chen,Audi R8 LMS GT3 Evo 2,,+3.197,27.355,22.257,35.990
#208,780,Cliff Hemeon,Honda NSX GT3 Evo,,+3.210,27.710,21.960,35.945
#210,997,Panzo Rigatoni,Lexus RC F GT3,,+3.315,27.592,22.060,36.067
#215,996,Brett Swift,Porsche 991 II GT3 R,,+3.540,27.540,22.317,36.087
#217,989,Nate Bright,AMR V8 Vantage,,+3.597,27.752,22.030,36.220
#218,614,Ryan Boissonnault,BMW M4 GT3,,+3.597,27.672,22.297,36.032
#221,437,Alex Welsh,AMR V8 Vantage,,+3.800,27.837,22.287,36.080
#222,243,Joe Steadman,Audi R8 LMS GT3 Evo 2,,+3.890,27.985,22.245,36.065
#224,418,Jordan Kimball,Honda NSX GT3 Evo,,+3.960,28.087,22.465,35.812
#225,424,Jerry Finkelstein,Ferrari 488 GT3 Evo,,+4.060,27.995,22.420,36.050
#229,310Dan,Meyer,Mercedes-AMG GT3,,+4.242,27.697,22.522,36.427
#230,696,Patches O'Hoolihan,Honda NSX GT3 Evo,,+4.282,28.055,22.315,36.317
#232,529,Jacob Rogers,AMR V8 Vantage,,+4.402,27.925,22.582,36.300
#233,101,Brian Koontz,AMR V8 Vantage,,+4.562,27.985,22.110,36.872
#236,141,Thomas Ma,McLaren 720S GT3,,+4.672,28.007,22.455,36.615
#238,886,Ian Gilchrist,Ferrari 488 GT3 Evo,,+4.810,27.945,22.510,36.760
#239,311,Stephanie Fisher,McLaren 720S GT3,,+4.875,27.930,22.427,36.922
#242,164,Stephen Pellerin,Ferrari 488 GT3 Evo,,+4.925,27.967,22.427,36.935
#245,164,Stephen Pellerin,AMR V8 Vantage,,+5.030,28.630,22.465,36.340
#255,838,Noah Fong,Honda NSX GT3 Evo,,+6.232,28.705,22.527,37.405
#263,164,Stephen Pellerin,Porsche 991 II GT3 R,,+6.825,29.180,23.002,37.047
#264,437,Alex Welsh,BMW M4 GT3,,+7.057,28.610,22.897,37.955