rank,driver number,name,vehicle,fastest laptime,gap from fastest laptime,sector 1,sector 2,sector 3
#21,466,Zack Dupuis,AMR V8 Vantage,,+0.563,29.937,28.575,29.337
#40,628,Matt Anastasi,Porsche 991 II GT3 R,,+0.968,29.897,28.815,29.542
#45,514,CJ Meeks,Lexus RC F GT3,,+1.048,29.922,28.562,29.850
#55,615,Niko Roskosh,Mercedes-AMG GT3,,+1.108,30.165,28.652,29.577
#57,760,Andy Speed,AMR V8 Vantage,,+1.135,29.942,28.787,29.692
#58,68,Colin Shea,McLaren 720S GT3,,+1.143,29.885,29.072,29.472
#64,288,Logan Schaeffer,Honda NSX GT3 Evo,,+1.233,30.092,28.832,29.595
#67,492,Aaron Anderson,AMR V8 Vantage,,+1.275,30.097,28.910,29.555
#69,757Dhawal,Bhanderi,Ferrari 488 GT3 Evo,,+1.290,29.890,28.902,29.785
#76,78,Johnny Air,Porsche 991 II GT3 R,,+1.358,30.027,28.852,29.765
#88,937,Andre Lloyd,Porsche 991 II GT3 R,,+1.443,30.045,28.975,29.710
#92,131,Tony Spagett,Porsche 991 II GT3 R,,+1.458,30.100,29.135,29.510
#93,488,Collin Dunham,Porsche 991 II GT3 R,,+1.460,30.107,28.852,29.787
#94,27,John Carbaugh,AMR V8 Vantage,,+1.463,30.042,29.060,29.647
#96,788,Sam Rek,BMW M4 GT3,,+1.473,29.997,29.012,29.750
#98,700,Sean Williams,AMR V8 Vantage,,+1.475,30.065,28.985,29.712
#100,142,Elliot Levine,BMW M4 GT3,,+1.505,30.095,28.845,29.852
#103,788,Sam Rek,AMR V8 Vantage,,+1.515,30.022,29.160,29.620
#105,244,Michael Li,Mercedes-AMG GT3,,+1.555,30.277,28.950,29.615
#106,46,Mike Geno,AMR V8 Vantage,,+1.555,30.122,29.002,29.717
#107,121,Chris Witting Jr,AMR V8 Vantage,,+1.560,30.357,28.582,29.907
#110,145,Turner Johnson,Mercedes-AMG GT3,,+1.623,30.087,29.112,29.710
#111,993,Joel Moffatt,Honda NSX GT3 Evo,,+1.625,30.320,28.875,29.717
#113,983,Kevin Andersen,Honda NSX GT3 Evo,,+1.640,30.160,29.127,29.640
#119,909,Nic Cameron,Audi R8 LMS GT3 Evo 2,,+1.758,30.337,29.007,29.700
#120,169,Roby Toty,AMR V8 Vantage,,+1.765,30.160,29.335,29.557
#121,182,David Scuza,Porsche 991 II GT3 R,,+1.780,30.342,29.127,29.597
#122,25,Felix Paillant,Porsche 991 II GT3 R,,+1.793,30.070,29.435,29.575
#124,883,Matt Schmitzer,Audi R8 LMS GT3 Evo 2,,+1.845,30.215,29.302,29.615
#125,691,Null Maxwell,Audi R8 LMS GT3 Evo 2,,+1.850,30.112,29.310,29.715
#127,202,Christian Holmes,AMR V8 Vantage,,+1.860,30.182,28.990,29.975
#129,51,Christian Lorenzo,Audi R8 LMS GT3 Evo 2,,+1.905,30.365,29.252,29.575
#133,56,Ryan Garrity,BMW M4 GT3,,+1.940,30.137,29.182,29.907
#135,972,Quinton Schattner,Porsche 991 II GT3 R,,+1.965,30.120,29.285,29.847
#138,510Waleed,Sadat,Porsche 991 II GT3 R,,+2.015,30.517,29.080,29.705
#139,121,Chris Witting Jr,McLaren 720S GT3,,+2.053,30.385,29.205,29.750
#141,974,Scott Smith,Audi R8 LMS GT3 Evo 2,,+2.075,30.432,28.915,30.015
#149,92,Jess Osborn,Porsche 991 II GT3 R,,+2.240,30.250,29.390,29.887
#165,954,Robert Almeida,Honda NSX GT3 Evo,,+2.438,30.755,29.465,29.505
#167,51,Christian Lorenzo,Honda NSX GT3 Evo,,+2.453,30.267,29.687,29.785
#174,669,Chris Sweeney,Honda NSX GT3 Evo,,+2.523,30.452,29.480,29.877
#178,826,Curtis Lee,Lexus RC F GT3,,+2.553,30.710,29.212,29.917
#196,70,Zodi Fade,Porsche 991 II GT3 R,,+2.895,30.490,29.907,29.785
#206,31,Anthony Michael,Porsche 991 II GT3 R,,+3.338,30.665,30.045,29.915
#232,804,JB Ruzic,Honda NSX GT3 Evo,,+4.310,31.210,30.360,30.027