rank,driver number,name,vehicle,fastest laptime,gap from fastest laptime,sector 1,sector 2,sector 3
#34,39,David Funk,Emil Frey Jaguar G3,,+0.838,30.017,28.550,29.557
#41,39,David Funk,Audi R8 LMS GT3 Evo 2,,+0.993,29.975,28.912,29.392
#48,822,Cody Platt,AMR V8 Vantage,,+1.068,30.060,28.735,29.560
#66,543,Julio Bajdaun III,Honda NSX GT3 Evo,,+1.268,30.142,28.935,29.477
#80,134,Mathew Wolkowicz,Porsche 991 II GT3 R,,+1.383,30.355,28.762,29.552
#82,256,Cory Davis,AMR V8 Vantage,,+1.398,30.130,28.962,29.592
#95,643,Caleb Craig,Ferrari 488 GT3 Evo,,+1.470,29.857,29.180,29.720
#108,230,Riley Barker,Lexus RC F GT3,,+1.605,30.217,28.762,29.912
#115,193,Ethan Marvin,Honda NSX GT3 Evo,,+1.695,30.452,29.097,29.432
#118,162,Ramon Lorenzo,Honda NSX GT3 Evo,,+1.758,30.395,28.992,29.657
#123,174,Eduardo Rodríguez,AMR V8 Vantage,,+1.808,30.250,28.952,29.892
#128,986,Pat Cockcroft,Porsche 991 II GT3 R,,+1.888,30.090,29.285,29.800
#130,852,Cube Master,Porsche 991 II GT3 R,,+1.920,30.497,28.880,29.830
#136,504,Lester Banks,Porsche 991 II GT3 R,,+1.985,30.115,29.322,29.835
#140,140,Ghislain Smith,McLaren 720S GT3,,+2.065,30.282,28.962,30.107
#143,42,DJ Watts,Emil Frey Jaguar G3,,+2.100,30.277,29.300,29.810
#144,357,Darren Robichaud,AMR V8 Vantage,,+2.133,30.445,29.087,29.887
#145,122,Austin Whitescarver,Ferrari 488 GT3 Evo,,+2.155,30.200,29.352,29.890
#150,621,Riley Fair,AMR V8 Vantage,,+2.243,30.167,29.420,29.942
#151,404,Justin Rally,McLaren 720S GT3,,+2.268,30.435,29.330,29.790
#152,225,Anim Friday,Porsche 991 II GT3 R,,+2.275,30.225,29.580,29.757
#154,724,Jacob L.Charron,Ferrari 488 GT3 Evo,,+2.298,30.337,29.357,29.890
#155,751,Justin Rutledge,Honda NSX GT3 Evo,,+2.335,30.347,29.657,29.617
#156,687,Jacob Zitko,AMR V8 Vantage,,+2.338,30.115,29.522,29.987
#157,35,Selena Boonstra,Porsche 991 II GT3 R,,+2.345,30.542,29.260,29.830
#159,303,Martin Riggs,Lexus RC F GT3,,+2.358,30.362,29.185,30.097
#160,218,Josh Potvin,Ferrari 488 GT3 Evo,,+2.365,30.212,29.600,29.840
#161,222,Clark Gould,AMR V8 Vantage,,+2.373,30.475,29.237,29.947
#162,999,Zack Sky,Porsche 991 II GT3 R,,+2.375,30.572,29.242,29.847
#164,159,Mark Rechtin,AMR V8 Vantage,,+2.405,30.770,29.152,29.770
#170,921,Jeff Thompson,McLaren 720S GT3,,+2.475,30.437,29.567,29.757
#172,969,Bobby Dockendorf,Audi R8 LMS GT3 Evo 2,,+2.483,30.702,29.360,29.707
#177,664,Thomas Greer,Porsche 991 II GT3 R,,+2.550,30.300,29.565,29.972
#179,38,Kyle Miller,Lexus RC F GT3,,+2.570,30.507,29.257,30.092
#181,100,John Donahue,Porsche 991 II GT3 R,,+2.583,30.477,29.537,29.855
#182,316Ramon,Lorenzo Filho,Honda NSX GT3 Evo,,+2.590,30.502,29.425,29.950
#190,898,Justin Rose,Audi R8 LMS GT3 Evo 2,,+2.810,30.482,29.675,29.940
#194,699,Matt Matasy,AMR V8 Vantage,,+2.860,30.520,29.482,30.145
#195,177,Rogerio Santos,McLaren 720S GT3,,+2.875,30.552,29.540,30.070
#200,912,Kevin Unda,Porsche 991 II GT3 R,,+3.035,30.775,29.682,29.865
#214,916,Aidan Grover,Ferrari 488 GT3 Evo,,+3.543,30.732,29.657,30.440
#220,305,Roger Rodriguez,AMR V8 Vantage,,+3.828,30.775,30.007,30.332
#233,420,Drache Tibbetts,Mercedes-AMG GT3,,+4.348,31.422,30.112,30.100