rank,driver number,name,vehicle,fastest laptime,gap from fastest laptime,sector 1,sector 2,sector 3
#78,231,Gordon Beverly,AMR V8 Vantage,,+1.375,30.142,28.825,29.695
#83,723,Dawson Tremelling,AMR V8 Vantage,,+1.398,30.062,28.965,29.657
#137,443,Michael Magenheimer,Honda NSX GT3 Evo,,+2.008,30.315,29.177,29.802
#142,860,Ben Chen,Audi R8 LMS GT3 Evo 2,,+2.085,30.405,29.197,29.770
#146,637,Lane Yates,Honda NSX GT3 Evo,,+2.178,30.357,29.445,29.662
#147,512,John Ansom,AMR V8 Vantage,,+2.208,30.555,29.150,29.790
#148,484,Rodney Felker,AMR V8 Vantage,,+2.218,30.405,29.392,29.707
#153,713,Ben Roberts,AMR V8 Vantage,,+2.295,30.240,29.397,29.945
#163,219,Richard Schulze,AMR V8 Vantage,,+2.405,30.890,29.045,29.757
#166,214,Ein Byron,Lexus RC F GT3,,+2.450,30.755,29.242,29.740
#169,89,Shaun Daniels,Porsche 991 II GT3 R,,+2.470,30.415,29.302,30.040
#171,997,Panzo Rigatoni,Lexus RC F GT3,,+2.475,30.512,29.255,29.995
#173,366,Matthew Herald,McLaren 720S GT3,,+2.513,30.330,29.177,30.292
#176,32,Geetesh Khatavkar,Ferrari 488 GT3 Evo,,+2.545,30.427,29.517,29.887
#186,848,Alex Chunk,AMR V8 Vantage,,+2.718,30.662,29.225,30.117
#187,988,Chad Santer,Ferrari 488 GT3 Evo,,+2.790,30.427,29.750,29.900
#188,996,Brett Swift,Porsche 991 II GT3 R,,+2.795,30.702,29.567,29.812
#189,717,Stephen Sarver,McLaren 720S GT3,,+2.800,30.570,29.760,29.757
#191,251,Steven Brule,Mercedes-AMG GT3,,+2.835,30.572,29.700,29.850
#192,32,Geetesh Khatavkar,Porsche 991 II GT3 R,,+2.848,30.260,29.922,29.952
#193,437,Alex Welsh,AMR V8 Vantage,,+2.855,30.947,29.347,29.847
#197,300,Joe Shabadu,AMR V8 Vantage,,+2.940,30.415,29.767,30.045
#201,232,Ren Aoki,McLaren 720S GT3,,+3.058,30.585,29.490,30.270
#202,424,Jerry Finkelstein,Ferrari 488 GT3 Evo,,+3.143,30.622,29.527,30.280
#205,280,Dan Rufus,McLaren 720S GT3,,+3.308,30.632,29.920,30.042
#209,311,Stephanie Fisher,McLaren 720S GT3,,+3.393,30.702,29.785,30.192
#211,406,Jose Herrera,McLaren 720S GT3,,+3.520,31.190,29.512,30.105
#212,164,Stephen Pellerin,Honda NSX GT3 Evo,,+3.523,30.815,29.812,30.182
#216,310Dan,Meyer,Mercedes-AMG GT3,,+3.590,30.872,29.975,30.030
#221,989,Nate Bright,AMR V8 Vantage,,+3.838,30.717,30.052,30.355
#222,657,Harold MacDonald,AMR V8 Vantage,,+3.845,30.872,30.160,30.100
#223,311,Stephanie Fisher,BMW M4 GT3,,+3.850,31.237,29.842,30.057
#230,780,Cliff Hemeon,Honda NSX GT3 Evo,,+4.175,30.957,30.187,30.317
#231,668,Alan Leung,McLaren 720S GT3,,+4.283,31.385,30.115,30.070
#242,696,Patches O'Hoolihan,Honda NSX GT3 Evo,,+4.838,31.215,30.570,30.340
#243,838,Noah Fong,Honda NSX GT3 Evo,,+4.885,31.392,30.490,30.290
#247,886,Ian Gilchrist,Ferrari 488 GT3 Evo,,+5.320,31.380,30.692,30.535
#248,164,Stephen Pellerin,Ferrari 488 GT3 Evo,,+5.800,31.442,30.622,31.022