rank,driver number,name,vehicle,fastest laptime,gap from fastest laptime,sector 1,sector 2,sector 3
#1 ,1,Ryan Yee,Honda NSX GT3 Evo,,,29.622,28.320,29.345
#2 ,95,Diego Paul Fimbres Casas,BMW M4 GT3,,+0.055,29.620,28.380,29.342
#4,20,Travis Nordstrom,Porsche 991 II GT3 R,,+0.183,29.657,28.507,29.305
#5,73,Travis Robinson,Porsche 991 II GT3 R,,+0.210,29.742,28.422,29.332
#6,59,Koa Dromo,Porsche 991 II GT3 R,,+0.273,29.555,28.700,29.305
#7,888,Jeff Spangler,Honda NSX GT3 Evo,,+0.300,29.720,28.427,29.440
#8,325,Ronia Over,AMR V8 Vantage,,+0.320,29.827,28.425,29.355
#10,95,Diego Paul Fimbres Casas,Honda NSX GT3 Evo,,+0.355,29.875,28.447,29.320
#11,817,Dan Good,Honda NSX GT3 Evo,,+0.355,29.720,28.700,29.222
#12,143,Peter O'Brien,Porsche 991 II GT3 R,,+0.363,29.712,28.595,29.342
#13,3,Nate Specht,AMR V8 Vantage,,+0.433,29.722,28.562,29.435
#14,210,Jeremy Mercer,Porsche 991 II GT3 R,,+0.465,29.887,28.520,29.345
#15,72,Danny Durrance,Porsche 991 II GT3 R,,+0.473,29.805,28.635,29.320
#16,549,Matthew Marlow,Honda NSX GT3 Evo,,+0.488,29.907,28.382,29.485
#17,666,Kelvin Lau,Honda NSX GT3 Evo,,+0.518,29.762,28.610,29.432
#18,195,Gomer Wilson,Porsche 991 II GT3 R,,+0.530,29.875,28.550,29.392
#19,21,Dominic Duran,Porsche 991 II GT3 R,,+0.540,29.777,28.582,29.467
#20,67,Matt Leeman,AMR V8 Vantage,,+0.563,30.085,28.415,29.350
#23,105,Nick San,BMW M4 GT3,,+0.638,29.837,28.577,29.510
#24,213,Jordan Nixon,Mercedes-AMG GT3,,+0.640,29.820,28.745,29.362
#26,496,Gareth Sykes,AMR V8 Vantage,,+0.683,30.010,28.545,29.415
#27,819,Dan Cran,Honda NSX GT3 Evo,,+0.693,30.012,28.630,29.337
#29,277,Ivan McCroat,Porsche 991 II GT3 R,,+0.703,29.977,28.622,29.390
#30,63,James Reilly,Ferrari 488 GT3 Evo,,+0.735,29.755,28.807,29.460
#31,617,Quin Smith,BMW M4 GT3,,+0.753,29.970,28.587,29.482
#32,887,Ryan Walker,Honda NSX GT3 Evo,,+0.815,30.137,28.620,29.345
#33,96,Chris Stefiuk,Porsche 991 II GT3 R,,+0.838,29.990,28.490,29.645
#35,11,Matthew Schwartz,Porsche 991 II GT3 R,,+0.850,29.830,28.882,29.425
#37,19Victor,Diaz,Porsche 991 II GT3 R,,+0.888,30.167,28.610,29.397
#38,66,Felipe Ernesto Vicini,Ferrari 488 GT3 Evo,,+0.928,29.977,28.960,29.277
#39,900,Chris Brown,Honda NSX GT3 Evo,,+0.958,30.030,28.782,29.432
#46,18,Michael Moening,Mercedes-AMG GT3,,+1.050,29.922,28.792,29.622
#50,712,Fazlee Majeed,Mercedes-AMG GT3,,+1.073,30.137,28.665,29.557
#54,94,Andrew Anderson,Porsche 991 II GT3 R,,+1.103,29.835,28.975,29.580
#56,922,Eric Neville,Mercedes-AMG GT3,,+1.115,30.150,28.607,29.645
#59,49,Grant Klinsing,Lamborghini Huracán GT3 Evo,,+1.188,29.940,28.950,29.585
#60,1,Ryan Yee,Porsche 991 II GT3 R,,+1.200,29.895,28.892,29.700
#73,317,Delan Stallworth,Ferrari 488 GT3 Evo,,+1.330,30.187,28.802,29.627
#81,5,Michael Jeffries,Lamborghini Huracán GT3 Evo,,+1.388,30.010,29.130,29.535
#89,1,Ryan Yee,Lamborghini Huracán GT3 Evo,,+1.445,30.047,28.985,29.700
#90,963,Jeffery Bray,Honda NSX GT3 Evo,,+1.445,30.442,28.907,29.382
#101,818,Brandon Walker,BMW M4 GT3,,+1.508,30.007,28.935,29.852
#109,270,Loïc Normandeau .D,Honda NSX GT3 Evo,,+1.608,30.245,29.032,29.617
#117,215,Adam Santana,Ferrari 488 GT3 Evo,,+1.748,30.230,29.252,29.552
#158,781,Jon Sparks,Porsche 991 II GT3 R,,+2.348,30.640,29.340,29.655
#168,66,Felipe Ernesto Vicini,Porsche 991 II GT3 R,,+2.460,30.365,29.555,29.827
#204,888,Jeff Spangler,BMW M4 GT3,,+3.263,30.992,29.415,30.142