rank,driver number,name,vehicle,fastest laptime,gap from fastest laptime,sector 1,sector 2,sector 3
#84,151,Mike Dyer,Honda NSX GT3 Evo,,+1.420,30.282,28.830,29.595
#99,304,Curtis Adams,Porsche 991 II GT3 R,,+1.500,30.070,28.965,29.752
#131,663,Etalerni Lere,Audi R8 LMS GT3 Evo 2,,+1.935,30.297,29.255,29.670
#184,903,Kaden McCoy,AMR V8 Vantage,,+2.688,30.575,29.335,30.065
#185,322,Doug Sauner,AMR V8 Vantage,,+2.713,30.572,29.485,29.942
#198,678,Sonny Mills,Honda NSX GT3 Evo,,+2.955,30.932,29.342,29.967
#199,185,Aaron Kovach,AMR V8 Vantage,,+2.978,30.577,29.822,29.865
#203,520,Odin Marshal,McLaren 720S GT3,,+3.250,31.135,29.332,30.070
#207,906,Raf CAB,AMR V8 Vantage,,+3.363,30.522,29.877,30.250
#208,336Jak,Patch,AMR V8 Vantage,,+3.365,30.692,29.647,30.312
#210,950,Rob Warren,McLaren 720S GT3,,+3.510,30.985,29.717,30.095
#213,662,Steve Mz,AMR V8 Vantage,,+3.528,31.005,29.415,30.395
#215,491,Maniacal Toaster,AMR V8 Vantage,,+3.558,30.872,29.440,30.532
#217,83,Conor Farrell,Porsche 991 II GT3 R,,+3.630,31.082,29.827,30.007
#219,380,Andrew Wong,Mercedes-AMG GT3,,+3.745,30.815,29.867,30.350
#224,197,Philip Menzies,Honda NSX GT3 Evo,,+3.920,30.822,29.840,30.545
#225,582,Julien Bacon,Porsche 991 II GT3 R,,+3.973,30.837,30.455,29.967
#226,792The,Lastrise,BMW M4 GT3,,+4.045,31.007,29.847,30.477
#228,585,Edwin Yip,McLaren 720S GT3,,+4.138,30.962,30.192,30.270
#229,984,Jason Yaron,Porsche 991 II GT3 R,,+4.148,31.057,30.010,30.367
#234,108,Tim Soyk,Lexus RC F GT3,,+4.400,31.017,30.292,30.377
#235,704,Gordon Beverly Jr.,AMR V8 Vantage,,+4.435,31.335,30.075,30.312
#236,902,Jeremy Yaron,Porsche 991 II GT3 R,,+4.490,30.887,30.212,30.677
#237,445,Michael Micieli,McLaren 720S GT3,,+4.590,31.222,30.142,30.512
#238,135,Zain Mirza,McLaren 720S GT3,,+4.673,31.222,30.557,30.180
#239,656,Brandon Rattler,Porsche 991 II GT3 R,,+4.690,31.442,30.167,30.367
#240,851,Sam Harris,Porsche 991 II GT3 R,,+4.803,31.427,30.290,30.372
#241,170,Christopher Ellis,Porsche 991 II GT3 R,,+4.823,31.325,30.277,30.507
#244,351,The Loudest Tomato,AMR V8 Vantage,,+4.930,31.445,30.670,30.102
#245,345,Anirudh Dhoundiyal,McLaren 720S GT3,,+4.953,31.100,30.315,30.825
#246,770,Scott Velain,Audi R8 LMS GT3 Evo 2,,+4.958,31.205,30.530,30.510
#249,360,Imanol Castro,McLaren 720S GT3,,+5.923,31.327,31.272,30.610
#250,494,Roberto Rosa,Mercedes-AMG GT3,,+6.210,31.540,31.470,30.487
#251,625,J.P May,Audi R8 LMS GT3 Evo 2,,+6.298,31.955,30.945,30.685
#252,624,Samuel Gay,Porsche 991 II GT3 R,,+6.513,31.750,31.195,30.855