rank,driver number,name,vehicle,fastest laptime,gap from fastest laptime,sector 1,sector 2,sector 3
#3 ,65,Alex Chilcutt,AMR V8 Vantage,,+0.073,29.622,28.302,29.435
#9,350,Landon Drebes,AMR V8 Vantage,,+0.338,30.010,28.205,29.410
#22,262,Josh Schlitz,AMR V8 Vantage,,+0.605,29.942,28.540,29.410
#25,918,Michael Louie,Audi R8 LMS GT3 Evo 2,,+0.663,29.945,28.697,29.307
#28,544,Jon Crown,McLaren 720S GT3,,+0.703,29.802,28.585,29.602
#36,34,Eric Boardman,Audi R8 LMS GT3 Evo 2,,+0.863,29.915,28.940,29.295
#42,926,Michael Stasiv,Lamborghini Huracán GT3 Evo,,+1.003,29.915,28.845,29.530
#43,14,Bailey Kish,Porsche 991 II GT3 R,,+1.030,29.937,28.837,29.542
#47,815,Jon Archie,Ferrari 488 GT3 Evo,,+1.058,29.962,28.832,29.550
#49,599,Guy Manperson,AMR V8 Vantage,,+1.068,30.045,28.837,29.472
#51,53,João Semedo,McLaren 720S GT3,,+1.080,30.052,28.815,29.500
#52,777,Josh Damiani,AMR V8 Vantage,,+1.080,30.080,28.767,29.520
#53,36,Nick Wagner,Lexus RC F GT3,,+1.095,30.105,28.732,29.545
#61,120,Moira Zooch,AMR V8 Vantage,,+1.203,30.142,28.880,29.467
#62,502,Bryan Anderson,Lamborghini Huracán GT3 Evo,,+1.208,30.085,28.940,29.470
#63,12,Austin Gardner,Lamborghini Huracán GT3 Evo,,+1.223,29.990,28.845,29.675
#65,976,Andrew Berg,Lexus RC F GT3,,+1.233,30.005,28.805,29.710
#68,14,Bailey Kish,AMR V8 Vantage,,+1.288,30.015,28.825,29.735
#70,22Taylor,Molyneux,Porsche 991 II GT3 R,,+1.303,29.877,29.112,29.600
#71,358,Jarrod Seccombe,BMW M4 GT3,,+1.315,30.142,28.710,29.750
#72,878,Alex Davidoff,Ferrari 488 GT3 Evo,,+1.318,30.117,28.847,29.640
#74,308,Doug Lee,AMR V8 Vantage,,+1.350,29.897,29.172,29.567
#75,527,Jack Polyak,BMW M4 GT3,,+1.355,30.050,29.177,29.415
#77,882,Dan Rebel,Porsche 991 II GT3 R,,+1.370,30.187,28.837,29.632
#79,613,Ian Wheeler,AMR V8 Vantage,,+1.378,30.205,28.960,29.500
#85,157,Max Diggs,Porsche 991 II GT3 R,,+1.428,29.930,29.170,29.615
#86,981,Land Shark,Porsche 991 II GT3 R,,+1.435,30.002,29.052,29.667
#87,207,Ian Harris,McLaren 720S GT3,,+1.438,30.122,29.070,29.532
#91,10,Douglas Mitchell,AMR V8 Vantage,,+1.448,30.005,28.917,29.812
#102,128,Kevin Kovach,Porsche 991 II GT3 R,,+1.510,30.100,29.237,29.460
#104,604,Stephen Smalley,Ferrari 488 GT3 Evo,,+1.540,29.907,29.077,29.842
#114,15,Jason Allen,Ferrari 488 GT3 Evo,,+1.643,29.955,29.065,29.910
#116,24,Karl Fredricksen,AMR V8 Vantage,,+1.708,30.265,28.970,29.760
#126,523,Nate Rodger,AMR V8 Vantage,,+1.855,30.187,29.252,29.702
#132,48,Pauleh Hartman,AMR V8 Vantage,,+1.935,30.152,29.320,29.750
#134,710,Fire Queso,AMR V8 Vantage,,+1.955,30.305,29.135,29.802
#175,947,Alex Krochik,AMR V8 Vantage,,+2.540,30.810,29.282,29.735
#180,6,Matt Morrison,Lamborghini Huracán GT3 Evo,,+2.575,30.422,29.590,29.850
#183,77Russell,Allen,Ferrari 488 GT3 Evo,,+2.650,30.125,29.472,30.340
#227,293,Felipe Botella,Ferrari 488 GT3 Evo,,+4.103,31.182,29.737,30.470